Region,Fuel,Year,Value,Variable
DolAmroth,Biomass,2018,3.828127595484735,Fuel Costs in MEUR/PJ
Gondor,Biomass,2018,3.733846104212091,Fuel Costs in MEUR/PJ
Rohan,Biomass,2018,3.79173890628343,Fuel Costs in MEUR/PJ
Harad,Biomass,2018,3.769637600658876,Fuel Costs in MEUR/PJ
Mordor,Biomass,2018,3.7933903680364605,Fuel Costs in MEUR/PJ
DolAmroth,Hardcoal,2018,2.404495595,Fuel Costs in MEUR/PJ
Gondor,Hardcoal,2018,2.3990724702317197,Fuel Costs in MEUR/PJ
Rohan,Hardcoal,2018,2.4044955950000007,Fuel Costs in MEUR/PJ
Harad,Hardcoal,2018,2.404495595,Fuel Costs in MEUR/PJ
Mordor,Hardcoal,2018,2.138888889,Fuel Costs in MEUR/PJ
DolAmroth,H2,2018,99.0,Fuel Costs in MEUR/PJ
Gondor,H2,2018,99.0,Fuel Costs in MEUR/PJ
Rohan,H2,2018,99.0,Fuel Costs in MEUR/PJ
Harad,H2,2018,99.0,Fuel Costs in MEUR/PJ
Mordor,H2,2018,99.0,Fuel Costs in MEUR/PJ
DolAmroth,Gas_Natural,2018,4.674634037000001,Fuel Costs in MEUR/PJ
Gondor,Gas_Natural,2018,4.674634037,Fuel Costs in MEUR/PJ
Rohan,Gas_Natural,2018,4.674634037000001,Fuel Costs in MEUR/PJ
Harad,Gas_Natural,2018,4.674634037,Fuel Costs in MEUR/PJ
Mordor,Gas_Natural,2018,4.674634037,Fuel Costs in MEUR/PJ
DolAmroth,Nuclear,2018,0.722222222,Fuel Costs in MEUR/PJ
Gondor,Nuclear,2018,0.722222222,Fuel Costs in MEUR/PJ
Rohan,Nuclear,2018,0.722222222,Fuel Costs in MEUR/PJ
Harad,Nuclear,2018,0.722222222,Fuel Costs in MEUR/PJ
Mordor,Nuclear,2018,0.722222222,Fuel Costs in MEUR/PJ
DolAmroth,Oil,2018,9.073529256000002,Fuel Costs in MEUR/PJ
Gondor,Oil,2018,9.073529256,Fuel Costs in MEUR/PJ
Rohan,Oil,2018,9.073529256,Fuel Costs in MEUR/PJ
Harad,Oil,2018,9.073529256,Fuel Costs in MEUR/PJ
Mordor,Oil,2018,9.073529256,Fuel Costs in MEUR/PJ
DolAmroth,Lignite,2018,2.324665638,Fuel Costs in MEUR/PJ
Gondor,Lignite,2018,2.324665638,Fuel Costs in MEUR/PJ
Rohan,Lignite,2018,2.324665638,Fuel Costs in MEUR/PJ
Harad,Lignite,2018,2.324665638,Fuel Costs in MEUR/PJ
Mordor,Lignite,2018,2.324665638,Fuel Costs in MEUR/PJ
DolAmroth,Gas_Bio,2018,9.815711782901564,Fuel Costs in MEUR/PJ
Gondor,Gas_Bio,2018,9.573964369391634,Fuel Costs in MEUR/PJ
Rohan,Gas_Bio,2018,9.7224074516199,Fuel Costs in MEUR/PJ
Harad,Gas_Bio,2018,9.665737437200232,Fuel Costs in MEUR/PJ
Mordor,Gas_Bio,2018,9.726641968935192,Fuel Costs in MEUR/PJ
DolAmroth,Gas_Synth,2018,167.34707749843886,Fuel Costs in MEUR/PJ
Gondor,Gas_Synth,2018,167.34707749843886,Fuel Costs in MEUR/PJ
Rohan,Gas_Synth,2018,167.34707749843886,Fuel Costs in MEUR/PJ
Harad,Gas_Synth,2018,167.34707749843886,Fuel Costs in MEUR/PJ
Mordor,Gas_Synth,2018,167.34707749843886,Fuel Costs in MEUR/PJ
DolAmroth,Biofuel,2018,8.036206841308099,Fuel Costs in MEUR/PJ
Gondor,Biofuel,2018,7.901518996592486,Fuel Costs in MEUR/PJ
Rohan,Biofuel,2018,7.984222999576351,Fuel Costs in MEUR/PJ
Harad,Biofuel,2018,7.952649705817517,Fuel Costs in MEUR/PJ
Mordor,Biofuel,2018,7.986582230652816,Fuel Costs in MEUR/PJ
DolAmroth,Biomass,2025,3.7211412766796395,Fuel Costs in MEUR/PJ
Gondor,Biomass,2025,3.732293590597015,Fuel Costs in MEUR/PJ
Rohan,Biomass,2025,3.725129538018713,Fuel Costs in MEUR/PJ
Harad,Biomass,2025,3.7322935905970156,Fuel Costs in MEUR/PJ
Mordor,Biomass,2025,3.6556054810593532,Fuel Costs in MEUR/PJ
DolAmroth,Hardcoal,2025,2.361503336,Fuel Costs in MEUR/PJ
Gondor,Hardcoal,2025,2.3615033360000006,Fuel Costs in MEUR/PJ
Rohan,Hardcoal,2025,2.3615033360000006,Fuel Costs in MEUR/PJ
Harad,Hardcoal,2025,2.3615033360000006,Fuel Costs in MEUR/PJ
Mordor,Hardcoal,2025,2.333333333,Fuel Costs in MEUR/PJ
DolAmroth,H2,2025,35.0,Fuel Costs in MEUR/PJ
Gondor,H2,2025,35.0,Fuel Costs in MEUR/PJ
Rohan,H2,2025,35.0,Fuel Costs in MEUR/PJ
Harad,H2,2025,35.0,Fuel Costs in MEUR/PJ
Mordor,H2,2025,35.0,Fuel Costs in MEUR/PJ
DolAmroth,Gas_Natural,2025,6.9095868069999975,Fuel Costs in MEUR/PJ
Gondor,Gas_Natural,2025,6.909586806999999,Fuel Costs in MEUR/PJ
Rohan,Gas_Natural,2025,6.909586807,Fuel Costs in MEUR/PJ
Harad,Gas_Natural,2025,6.909586807,Fuel Costs in MEUR/PJ
Mordor,Gas_Natural,2025,6.909586807,Fuel Costs in MEUR/PJ
DolAmroth,Nuclear,2025,0.722222222,Fuel Costs in MEUR/PJ
Gondor,Nuclear,2025,0.722222222,Fuel Costs in MEUR/PJ
Rohan,Nuclear,2025,0.722222222,Fuel Costs in MEUR/PJ
Harad,Nuclear,2025,0.722222222,Fuel Costs in MEUR/PJ
Mordor,Nuclear,2025,0.722222222,Fuel Costs in MEUR/PJ
DolAmroth,Oil,2025,8.970588081,Fuel Costs in MEUR/PJ
Gondor,Oil,2025,8.970588080999999,Fuel Costs in MEUR/PJ
Rohan,Oil,2025,8.970588081,Fuel Costs in MEUR/PJ
Harad,Oil,2025,8.970588081,Fuel Costs in MEUR/PJ
Mordor,Oil,2025,8.970588081000002,Fuel Costs in MEUR/PJ
DolAmroth,Lignite,2025,1.342726872,Fuel Costs in MEUR/PJ
Gondor,Lignite,2025,1.3427268720000003,Fuel Costs in MEUR/PJ
Rohan,Lignite,2025,1.342726872,Fuel Costs in MEUR/PJ
Harad,Lignite,2025,1.342726872,Fuel Costs in MEUR/PJ
Mordor,Lignite,2025,1.3427268719999998,Fuel Costs in MEUR/PJ
DolAmroth,Gas_Bio,2025,8.100982151435113,Fuel Costs in MEUR/PJ
Gondor,Gas_Bio,2025,8.125260911437604,Fuel Costs in MEUR/PJ
Rohan,Gas_Bio,2025,8.109664658096598,Fuel Costs in MEUR/PJ
Harad,Gas_Bio,2025,8.125260911437604,Fuel Costs in MEUR/PJ
Mordor,Gas_Bio,2025,7.958309710072242,Fuel Costs in MEUR/PJ
DolAmroth,Gas_Synth,2025,55.21517878909561,Fuel Costs in MEUR/PJ
Gondor,Gas_Synth,2025,55.21517878909561,Fuel Costs in MEUR/PJ
Rohan,Gas_Synth,2025,55.21517878909561,Fuel Costs in MEUR/PJ
Harad,Gas_Synth,2025,55.21517878909561,Fuel Costs in MEUR/PJ
Mordor,Gas_Synth,2025,55.21517878909561,Fuel Costs in MEUR/PJ
DolAmroth,Biofuel,2025,6.6028519031689,Fuel Costs in MEUR/PJ
Gondor,Biofuel,2025,6.617711820565428,Fuel Costs in MEUR/PJ
Rohan,Biofuel,2025,6.608166067968552,Fuel Costs in MEUR/PJ
Harad,Biofuel,2025,6.617711820565428,Fuel Costs in MEUR/PJ
Mordor,Biofuel,2025,6.515528634056494,Fuel Costs in MEUR/PJ
DolAmroth,Biomass,2030,3.9438748600597027,Fuel Costs in MEUR/PJ
Gondor,Biomass,2030,3.9438748600597022,Fuel Costs in MEUR/PJ
Rohan,Biomass,2030,3.9438748600597022,Fuel Costs in MEUR/PJ
Harad,Biomass,2030,3.9438748600597022,Fuel Costs in MEUR/PJ
Mordor,Biomass,2030,3.943874860059702,Fuel Costs in MEUR/PJ
DolAmroth,Hardcoal,2030,1.7503990920000003,Fuel Costs in MEUR/PJ
Gondor,Hardcoal,2030,1.7503990919999999,Fuel Costs in MEUR/PJ
Rohan,Hardcoal,2030,1.750399092,Fuel Costs in MEUR/PJ
Harad,Hardcoal,2030,1.7503990920000003,Fuel Costs in MEUR/PJ
Mordor,Hardcoal,2030,1.7503990919999999,Fuel Costs in MEUR/PJ
DolAmroth,H2,2030,29.0,Fuel Costs in MEUR/PJ
Gondor,H2,2030,29.0,Fuel Costs in MEUR/PJ
Rohan,H2,2030,29.0,Fuel Costs in MEUR/PJ
Harad,H2,2030,29.0,Fuel Costs in MEUR/PJ
Mordor,H2,2030,14.376552065972593,Fuel Costs in MEUR/PJ
DolAmroth,Gas_Natural,2030,5.374123072,Fuel Costs in MEUR/PJ
Gondor,Gas_Natural,2030,5.374123071999999,Fuel Costs in MEUR/PJ
Rohan,Gas_Natural,2030,5.374123072,Fuel Costs in MEUR/PJ
Harad,Gas_Natural,2030,5.374123071999999,Fuel Costs in MEUR/PJ
Mordor,Gas_Natural,2030,5.374123072,Fuel Costs in MEUR/PJ
DolAmroth,Nuclear,2030,0.722222222,Fuel Costs in MEUR/PJ
Gondor,Nuclear,2030,0.722222222,Fuel Costs in MEUR/PJ
Rohan,Nuclear,2030,0.722222222,Fuel Costs in MEUR/PJ
Harad,Nuclear,2030,0.722222222,Fuel Costs in MEUR/PJ
Mordor,Nuclear,2030,0.722222222,Fuel Costs in MEUR/PJ
DolAmroth,Oil,2030,8.411764561,Fuel Costs in MEUR/PJ
Gondor,Oil,2030,8.411764561000002,Fuel Costs in MEUR/PJ
Rohan,Oil,2030,8.411764560999998,Fuel Costs in MEUR/PJ
Harad,Oil,2030,8.411764560999998,Fuel Costs in MEUR/PJ
Mordor,Oil,2030,8.411764561,Fuel Costs in MEUR/PJ
DolAmroth,Lignite,2030,1.275590529,Fuel Costs in MEUR/PJ
Gondor,Lignite,2030,1.275590529,Fuel Costs in MEUR/PJ
Rohan,Lignite,2030,1.275590529,Fuel Costs in MEUR/PJ
Harad,Lignite,2030,1.275590529,Fuel Costs in MEUR/PJ
Mordor,Lignite,2030,1.2755905290000003,Fuel Costs in MEUR/PJ
DolAmroth,Gas_Bio,2030,7.827308989955895,Fuel Costs in MEUR/PJ
Gondor,Gas_Bio,2030,7.8273089899558945,Fuel Costs in MEUR/PJ
Rohan,Gas_Bio,2030,7.8273089899558945,Fuel Costs in MEUR/PJ
Harad,Gas_Bio,2030,7.8273089899558945,Fuel Costs in MEUR/PJ
Mordor,Gas_Bio,2030,7.827308989955894,Fuel Costs in MEUR/PJ
DolAmroth,Gas_Synth,2030,43.65296706464008,Fuel Costs in MEUR/PJ
Gondor,Gas_Synth,2030,43.65296706464008,Fuel Costs in MEUR/PJ
Rohan,Gas_Synth,2030,43.65296706464008,Fuel Costs in MEUR/PJ
Harad,Gas_Synth,2030,43.65296706464008,Fuel Costs in MEUR/PJ
Mordor,Gas_Synth,2030,22.315759502145212,Fuel Costs in MEUR/PJ
DolAmroth,Biofuel,2030,6.429402705181597,Fuel Costs in MEUR/PJ
Gondor,Biofuel,2030,6.429402705181596,Fuel Costs in MEUR/PJ
Rohan,Biofuel,2030,6.429402705181596,Fuel Costs in MEUR/PJ
Harad,Biofuel,2030,6.429402705181596,Fuel Costs in MEUR/PJ
Mordor,Biofuel,2030,6.4294027051815945,Fuel Costs in MEUR/PJ
DolAmroth,Biomass,2035,4.15545612952239,Fuel Costs in MEUR/PJ
Gondor,Biomass,2035,4.1554561295223875,Fuel Costs in MEUR/PJ
Rohan,Biomass,2035,4.1554561295223875,Fuel Costs in MEUR/PJ
Harad,Biomass,2035,4.15545612952239,Fuel Costs in MEUR/PJ
Mordor,Biomass,2035,4.150760304059222,Fuel Costs in MEUR/PJ
DolAmroth,Hardcoal,2035,1.3127993189999998,Fuel Costs in MEUR/PJ
Gondor,Hardcoal,2035,1.3127993190000002,Fuel Costs in MEUR/PJ
Rohan,Hardcoal,2035,1.312799319,Fuel Costs in MEUR/PJ
Harad,Hardcoal,2035,1.3127993190000002,Fuel Costs in MEUR/PJ
Mordor,Hardcoal,2035,1.312799319,Fuel Costs in MEUR/PJ
DolAmroth,H2,2035,13.606738729392637,Fuel Costs in MEUR/PJ
Gondor,H2,2035,23.0,Fuel Costs in MEUR/PJ
Rohan,H2,2035,23.0,Fuel Costs in MEUR/PJ
Harad,H2,2035,11.679323853805775,Fuel Costs in MEUR/PJ
Mordor,H2,2035,11.092625265938297,Fuel Costs in MEUR/PJ
DolAmroth,Gas_Natural,2035,4.568004611,Fuel Costs in MEUR/PJ
Gondor,Gas_Natural,2035,4.568004611000002,Fuel Costs in MEUR/PJ
Rohan,Gas_Natural,2035,4.568004611000001,Fuel Costs in MEUR/PJ
Harad,Gas_Natural,2035,4.568004610999999,Fuel Costs in MEUR/PJ
Mordor,Gas_Natural,2035,4.568004611,Fuel Costs in MEUR/PJ
DolAmroth,Nuclear,2035,0.722222222,Fuel Costs in MEUR/PJ
Gondor,Nuclear,2035,0.722222222,Fuel Costs in MEUR/PJ
Rohan,Nuclear,2035,0.722222222,Fuel Costs in MEUR/PJ
Harad,Nuclear,2035,0.722222222,Fuel Costs in MEUR/PJ
Mordor,Nuclear,2035,0.722222222,Fuel Costs in MEUR/PJ
DolAmroth,Oil,2035,7.149999877,Fuel Costs in MEUR/PJ
Gondor,Oil,2035,7.149999877,Fuel Costs in MEUR/PJ
Rohan,Oil,2035,7.149999877,Fuel Costs in MEUR/PJ
Harad,Oil,2035,7.149999877,Fuel Costs in MEUR/PJ
Mordor,Oil,2035,7.149999877,Fuel Costs in MEUR/PJ
DolAmroth,Lignite,2035,1.211811002,Fuel Costs in MEUR/PJ
Gondor,Lignite,2035,1.211811002,Fuel Costs in MEUR/PJ
Rohan,Lignite,2035,1.211811002,Fuel Costs in MEUR/PJ
Harad,Lignite,2035,1.211811002,Fuel Costs in MEUR/PJ
Mordor,Lignite,2035,1.211811002,Fuel Costs in MEUR/PJ
DolAmroth,Gas_Bio,2035,7.482248239221013,Fuel Costs in MEUR/PJ
Gondor,Gas_Bio,2035,7.482248239221008,Fuel Costs in MEUR/PJ
Rohan,Gas_Bio,2035,7.482248239221008,Fuel Costs in MEUR/PJ
Harad,Gas_Bio,2035,7.482248239221013,Fuel Costs in MEUR/PJ
Mordor,Gas_Bio,2035,7.473793010550962,Fuel Costs in MEUR/PJ
DolAmroth,Gas_Synth,2035,20.173155607412273,Fuel Costs in MEUR/PJ
Gondor,Gas_Synth,2035,33.258564991886,Fuel Costs in MEUR/PJ
Rohan,Gas_Synth,2035,33.258564991886,Fuel Costs in MEUR/PJ
Harad,Gas_Synth,2035,17.48814430258485,Fuel Costs in MEUR/PJ
Mordor,Gas_Synth,2035,16.670835916671916,Fuel Costs in MEUR/PJ
DolAmroth,Biofuel,2035,6.529779852597546,Fuel Costs in MEUR/PJ
Gondor,Biofuel,2035,6.529779852597543,Fuel Costs in MEUR/PJ
Rohan,Biofuel,2035,6.529779852597543,Fuel Costs in MEUR/PJ
Harad,Biofuel,2035,6.529779852597546,Fuel Costs in MEUR/PJ
Mordor,Biofuel,2035,6.5236340475698515,Fuel Costs in MEUR/PJ
DolAmroth,Biomass,2040,4.359804345278882,Fuel Costs in MEUR/PJ
Gondor,Biomass,2040,4.3216762690418085,Fuel Costs in MEUR/PJ
Rohan,Biomass,2040,4.3225430244158805,Fuel Costs in MEUR/PJ
Harad,Biomass,2040,4.3579201986057035,Fuel Costs in MEUR/PJ
Mordor,Biomass,2040,4.343760269636484,Fuel Costs in MEUR/PJ
DolAmroth,Hardcoal,2040,0.984599489,Fuel Costs in MEUR/PJ
Gondor,Hardcoal,2040,0.9845994890000003,Fuel Costs in MEUR/PJ
Rohan,Hardcoal,2040,0.984599489,Fuel Costs in MEUR/PJ
Harad,Hardcoal,2040,0.984599489,Fuel Costs in MEUR/PJ
Mordor,Hardcoal,2040,0.9845994890000002,Fuel Costs in MEUR/PJ
DolAmroth,H2,2040,11.684235175501016,Fuel Costs in MEUR/PJ
Gondor,H2,2040,10.388897340989567,Fuel Costs in MEUR/PJ
Rohan,H2,2040,11.81236929097579,Fuel Costs in MEUR/PJ
Harad,H2,2040,8.729167089244651,Fuel Costs in MEUR/PJ
Mordor,H2,2040,8.155974635170157,Fuel Costs in MEUR/PJ
DolAmroth,Gas_Natural,2040,3.5858836199999993,Fuel Costs in MEUR/PJ
Gondor,Gas_Natural,2040,3.5858836200000006,Fuel Costs in MEUR/PJ
Rohan,Gas_Natural,2040,3.5858836200000006,Fuel Costs in MEUR/PJ
Harad,Gas_Natural,2040,3.58588362,Fuel Costs in MEUR/PJ
Mordor,Gas_Natural,2040,3.58588362,Fuel Costs in MEUR/PJ
DolAmroth,Nuclear,2040,0.722222222,Fuel Costs in MEUR/PJ
Gondor,Nuclear,2040,0.722222222,Fuel Costs in MEUR/PJ
Rohan,Nuclear,2040,0.722222222,Fuel Costs in MEUR/PJ
Harad,Nuclear,2040,0.722222222,Fuel Costs in MEUR/PJ
Mordor,Nuclear,2040,0.722222222,Fuel Costs in MEUR/PJ
DolAmroth,Oil,2040,5.719999902,Fuel Costs in MEUR/PJ
Gondor,Oil,2040,5.719999902,Fuel Costs in MEUR/PJ
Rohan,Oil,2040,5.719999902,Fuel Costs in MEUR/PJ
Harad,Oil,2040,5.719999902,Fuel Costs in MEUR/PJ
Mordor,Oil,2040,5.719999902,Fuel Costs in MEUR/PJ
DolAmroth,Lignite,2040,1.151220452,Fuel Costs in MEUR/PJ
Gondor,Lignite,2040,1.151220452,Fuel Costs in MEUR/PJ
Rohan,Lignite,2040,1.151220452,Fuel Costs in MEUR/PJ
Harad,Lignite,2040,1.151220452,Fuel Costs in MEUR/PJ
Mordor,Lignite,2040,1.151220452,Fuel Costs in MEUR/PJ
DolAmroth,Gas_Bio,2040,7.083563444278294,Fuel Costs in MEUR/PJ
Gondor,Gas_Bio,2040,7.021615103104209,Fuel Costs in MEUR/PJ
Rohan,Gas_Bio,2040,7.023023358199316,Fuel Costs in MEUR/PJ
Harad,Gas_Bio,2040,7.0805021893593105,Fuel Costs in MEUR/PJ
Mordor,Gas_Bio,2040,7.057495937868104,Fuel Costs in MEUR/PJ
DolAmroth,Gas_Synth,2040,16.692548607738022,Fuel Costs in MEUR/PJ
Gondor,Gas_Synth,2040,14.968053789058093,Fuel Costs in MEUR/PJ
Rohan,Gas_Synth,2040,16.86313469913843,Fuel Costs in MEUR/PJ
Harad,Gas_Synth,2040,12.758440093477322,Fuel Costs in MEUR/PJ
Mordor,Gas_Synth,2040,11.995343864198485,Fuel Costs in MEUR/PJ
DolAmroth,Biofuel,2040,6.66362244674657,Fuel Costs in MEUR/PJ
Gondor,Biofuel,2040,6.614071317980979,Fuel Costs in MEUR/PJ
Rohan,Biofuel,2040,6.615197750557378,Fuel Costs in MEUR/PJ
Harad,Biofuel,2040,6.661173815616181,Fuel Costs in MEUR/PJ
Mordor,Biofuel,2040,6.6427716161634,Fuel Costs in MEUR/PJ
DolAmroth,Biomass,2045,4.93406472674648,Fuel Costs in MEUR/PJ
Gondor,Biomass,2045,4.93406472674648,Fuel Costs in MEUR/PJ
Rohan,Biomass,2045,4.934064726746479,Fuel Costs in MEUR/PJ
Harad,Biomass,2045,4.93406472674648,Fuel Costs in MEUR/PJ
Mordor,Biomass,2045,4.93406472674648,Fuel Costs in MEUR/PJ
DolAmroth,Hardcoal,2045,0.738449617,Fuel Costs in MEUR/PJ
Gondor,Hardcoal,2045,0.738449617,Fuel Costs in MEUR/PJ
Rohan,Hardcoal,2045,0.7384496170000001,Fuel Costs in MEUR/PJ
Harad,Hardcoal,2045,0.738449617,Fuel Costs in MEUR/PJ
Mordor,Hardcoal,2045,0.738449617,Fuel Costs in MEUR/PJ
DolAmroth,H2,2045,10.816831671443612,Fuel Costs in MEUR/PJ
Gondor,H2,2045,12.132826058853457,Fuel Costs in MEUR/PJ
Rohan,H2,2045,11.487622397304325,Fuel Costs in MEUR/PJ
Harad,H2,2045,12.216768979823929,Fuel Costs in MEUR/PJ
Mordor,H2,2045,9.411689360140267,Fuel Costs in MEUR/PJ
DolAmroth,Gas_Natural,2045,2.779059805,Fuel Costs in MEUR/PJ
Gondor,Gas_Natural,2045,2.779059805,Fuel Costs in MEUR/PJ
Rohan,Gas_Natural,2045,2.7790598049999997,Fuel Costs in MEUR/PJ
Harad,Gas_Natural,2045,2.779059805,Fuel Costs in MEUR/PJ
Mordor,Gas_Natural,2045,2.779059805,Fuel Costs in MEUR/PJ
DolAmroth,Nuclear,2045,0.722222222,Fuel Costs in MEUR/PJ
Gondor,Nuclear,2045,0.722222222,Fuel Costs in MEUR/PJ
Rohan,Nuclear,2045,0.722222222,Fuel Costs in MEUR/PJ
Harad,Nuclear,2045,0.722222222,Fuel Costs in MEUR/PJ
Mordor,Nuclear,2045,0.722222222,Fuel Costs in MEUR/PJ
DolAmroth,Oil,2045,4.461599923,Fuel Costs in MEUR/PJ
Gondor,Oil,2045,4.461599923,Fuel Costs in MEUR/PJ
Rohan,Oil,2045,4.461599923,Fuel Costs in MEUR/PJ
Harad,Oil,2045,4.461599923,Fuel Costs in MEUR/PJ
Mordor,Oil,2045,4.461599923,Fuel Costs in MEUR/PJ
DolAmroth,Lignite,2045,1.09365943,Fuel Costs in MEUR/PJ
Gondor,Lignite,2045,1.09365943,Fuel Costs in MEUR/PJ
Rohan,Lignite,2045,1.09365943,Fuel Costs in MEUR/PJ
Harad,Lignite,2045,1.09365943,Fuel Costs in MEUR/PJ
Mordor,Lignite,2045,1.09365943,Fuel Costs in MEUR/PJ
DolAmroth,Gas_Bio,2045,7.189686019795086,Fuel Costs in MEUR/PJ
Gondor,Gas_Bio,2045,7.189686019795086,Fuel Costs in MEUR/PJ
Rohan,Gas_Bio,2045,7.189686019795084,Fuel Costs in MEUR/PJ
Harad,Gas_Bio,2045,7.189686019795086,Fuel Costs in MEUR/PJ
Mordor,Gas_Bio,2045,7.189686019795086,Fuel Costs in MEUR/PJ
DolAmroth,Gas_Synth,2045,14.833339518756558,Fuel Costs in MEUR/PJ
Gondor,Gas_Synth,2045,16.50971303928788,Fuel Costs in MEUR/PJ
Rohan,Gas_Synth,2045,15.687823262311213,Fuel Costs in MEUR/PJ
Harad,Gas_Synth,2045,16.616643350919304,Fuel Costs in MEUR/PJ
Mordor,Gas_Synth,2045,13.043405317074042,Fuel Costs in MEUR/PJ
DolAmroth,Biofuel,2045,7.274205739763929,Fuel Costs in MEUR/PJ
Gondor,Biofuel,2045,7.274205739763929,Fuel Costs in MEUR/PJ
Rohan,Biofuel,2045,7.274205739763926,Fuel Costs in MEUR/PJ
Harad,Biofuel,2045,7.274205739763929,Fuel Costs in MEUR/PJ
Mordor,Biofuel,2045,7.274205739763929,Fuel Costs in MEUR/PJ
DolAmroth,Biomass,2050,4.790199936791045,Fuel Costs in MEUR/PJ
Gondor,Biomass,2050,4.824208785303289,Fuel Costs in MEUR/PJ
Rohan,Biomass,2050,4.790199936791045,Fuel Costs in MEUR/PJ
Harad,Biomass,2050,4.790199936791045,Fuel Costs in MEUR/PJ
Mordor,Biomass,2050,5.162071414718309,Fuel Costs in MEUR/PJ
DolAmroth,Hardcoal,2050,0.553837213,Fuel Costs in MEUR/PJ
Gondor,Hardcoal,2050,0.553837213,Fuel Costs in MEUR/PJ
Rohan,Hardcoal,2050,0.553837213,Fuel Costs in MEUR/PJ
Harad,Hardcoal,2050,0.553837213,Fuel Costs in MEUR/PJ
Mordor,Hardcoal,2050,0.553837213,Fuel Costs in MEUR/PJ
DolAmroth,H2,2050,9.604510624847638,Fuel Costs in MEUR/PJ
Gondor,H2,2050,10.334075306389426,Fuel Costs in MEUR/PJ
Rohan,H2,2050,9.423825474180882,Fuel Costs in MEUR/PJ
Harad,H2,2050,9.287938756971755,Fuel Costs in MEUR/PJ
Mordor,H2,2050,5.710435874587224,Fuel Costs in MEUR/PJ
DolAmroth,Gas_Natural,2050,2.084294854,Fuel Costs in MEUR/PJ
Gondor,Gas_Natural,2050,2.084294854,Fuel Costs in MEUR/PJ
Rohan,Gas_Natural,2050,2.084294854,Fuel Costs in MEUR/PJ
Harad,Gas_Natural,2050,2.084294854,Fuel Costs in MEUR/PJ
Mordor,Gas_Natural,2050,2.084294854,Fuel Costs in MEUR/PJ
DolAmroth,Nuclear,2050,0.722222222,Fuel Costs in MEUR/PJ
Gondor,Nuclear,2050,0.722222222,Fuel Costs in MEUR/PJ
Rohan,Nuclear,2050,0.722222222,Fuel Costs in MEUR/PJ
Harad,Nuclear,2050,0.722222222,Fuel Costs in MEUR/PJ
Mordor,Nuclear,2050,0.722222222,Fuel Costs in MEUR/PJ
DolAmroth,Oil,2050,4.461599923,Fuel Costs in MEUR/PJ
Gondor,Oil,2050,4.461599923,Fuel Costs in MEUR/PJ
Rohan,Oil,2050,4.461599923,Fuel Costs in MEUR/PJ
Harad,Oil,2050,4.461599923,Fuel Costs in MEUR/PJ
Mordor,Oil,2050,4.461599923,Fuel Costs in MEUR/PJ
DolAmroth,Lignite,2050,1.038976458,Fuel Costs in MEUR/PJ
Gondor,Lignite,2050,1.038976458,Fuel Costs in MEUR/PJ
Rohan,Lignite,2050,1.038976458,Fuel Costs in MEUR/PJ
Harad,Lignite,2050,1.038976458,Fuel Costs in MEUR/PJ
Mordor,Lignite,2050,1.038976458,Fuel Costs in MEUR/PJ
DolAmroth,Gas_Bio,2050,6.2167794298062535,Fuel Costs in MEUR/PJ
Gondor,Gas_Bio,2050,6.260916524844493,Fuel Costs in MEUR/PJ
Rohan,Gas_Bio,2050,6.2167794298062535,Fuel Costs in MEUR/PJ
Harad,Gas_Bio,2050,6.2167794298062535,Fuel Costs in MEUR/PJ
Mordor,Gas_Bio,2050,6.699398732761397,Fuel Costs in MEUR/PJ
DolAmroth,Gas_Synth,2050,12.724175817202749,Fuel Costs in MEUR/PJ
Gondor,Gas_Synth,2050,13.614735874545602,Fuel Costs in MEUR/PJ
Rohan,Gas_Synth,2050,12.503618295423134,Fuel Costs in MEUR/PJ
Harad,Gas_Synth,2050,12.337745020946425,Fuel Costs in MEUR/PJ
Mordor,Gas_Synth,2050,7.970783115186866,Fuel Costs in MEUR/PJ
DolAmroth,Biofuel,2050,6.9853135838902265,Fuel Costs in MEUR/PJ
Gondor,Biofuel,2050,7.028931281680315,Fuel Costs in MEUR/PJ
Rohan,Biofuel,2050,6.9853135838902265,Fuel Costs in MEUR/PJ
Harad,Biofuel,2050,6.9853135838902265,Fuel Costs in MEUR/PJ
Mordor,Biofuel,2050,7.462253511307802,Fuel Costs in MEUR/PJ
DolAmroth,Biomass,2018,13.781259343745047,Fuel Costs in EUR/MWh
Gondor,Biomass,2018,13.44184597516353,Fuel Costs in EUR/MWh
Rohan,Biomass,2018,13.65026006262035,Fuel Costs in EUR/MWh
Harad,Biomass,2018,13.570695362371954,Fuel Costs in EUR/MWh
Mordor,Biomass,2018,13.656205324931259,Fuel Costs in EUR/MWh
DolAmroth,Hardcoal,2018,8.656184142,Fuel Costs in EUR/MWh
Gondor,Hardcoal,2018,8.636660892834191,Fuel Costs in EUR/MWh
Rohan,Hardcoal,2018,8.656184142000003,Fuel Costs in EUR/MWh
Harad,Hardcoal,2018,8.656184142,Fuel Costs in EUR/MWh
Mordor,Hardcoal,2018,7.7000000004,Fuel Costs in EUR/MWh
DolAmroth,H2,2018,356.40000000000003,Fuel Costs in EUR/MWh
Gondor,H2,2018,356.40000000000003,Fuel Costs in EUR/MWh
Rohan,H2,2018,356.40000000000003,Fuel Costs in EUR/MWh
Harad,H2,2018,356.40000000000003,Fuel Costs in EUR/MWh
Mordor,H2,2018,356.40000000000003,Fuel Costs in EUR/MWh
DolAmroth,Gas_Natural,2018,16.828682533200002,Fuel Costs in EUR/MWh
Gondor,Gas_Natural,2018,16.8286825332,Fuel Costs in EUR/MWh
Rohan,Gas_Natural,2018,16.828682533200002,Fuel Costs in EUR/MWh
Harad,Gas_Natural,2018,16.8286825332,Fuel Costs in EUR/MWh
Mordor,Gas_Natural,2018,16.8286825332,Fuel Costs in EUR/MWh
DolAmroth,Nuclear,2018,2.5999999992,Fuel Costs in EUR/MWh
Gondor,Nuclear,2018,2.5999999992,Fuel Costs in EUR/MWh
Rohan,Nuclear,2018,2.5999999992,Fuel Costs in EUR/MWh
Harad,Nuclear,2018,2.5999999992,Fuel Costs in EUR/MWh
Mordor,Nuclear,2018,2.5999999992,Fuel Costs in EUR/MWh
DolAmroth,Oil,2018,32.66470532160001,Fuel Costs in EUR/MWh
Gondor,Oil,2018,32.6647053216,Fuel Costs in EUR/MWh
Rohan,Oil,2018,32.6647053216,Fuel Costs in EUR/MWh
Harad,Oil,2018,32.6647053216,Fuel Costs in EUR/MWh
Mordor,Oil,2018,32.6647053216,Fuel Costs in EUR/MWh
DolAmroth,Lignite,2018,8.3687962968,Fuel Costs in EUR/MWh
Gondor,Lignite,2018,8.3687962968,Fuel Costs in EUR/MWh
Rohan,Lignite,2018,8.3687962968,Fuel Costs in EUR/MWh
Harad,Lignite,2018,8.3687962968,Fuel Costs in EUR/MWh
Mordor,Lignite,2018,8.3687962968,Fuel Costs in EUR/MWh
DolAmroth,Gas_Bio,2018,35.33656241844563,Fuel Costs in EUR/MWh
Gondor,Gas_Bio,2018,34.46627172980988,Fuel Costs in EUR/MWh
Rohan,Gas_Bio,2018,35.00066682583164,Fuel Costs in EUR/MWh
Harad,Gas_Bio,2018,34.796654773920835,Fuel Costs in EUR/MWh
Mordor,Gas_Bio,2018,35.015911088166696,Fuel Costs in EUR/MWh
DolAmroth,Gas_Synth,2018,602.4494789943799,Fuel Costs in EUR/MWh
Gondor,Gas_Synth,2018,602.4494789943799,Fuel Costs in EUR/MWh
Rohan,Gas_Synth,2018,602.4494789943799,Fuel Costs in EUR/MWh
Harad,Gas_Synth,2018,602.4494789943799,Fuel Costs in EUR/MWh
Mordor,Gas_Synth,2018,602.4494789943799,Fuel Costs in EUR/MWh
DolAmroth,Biofuel,2018,28.930344628709157,Fuel Costs in EUR/MWh
Gondor,Biofuel,2018,28.44546838773295,Fuel Costs in EUR/MWh
Rohan,Biofuel,2018,28.743202798474865,Fuel Costs in EUR/MWh
Harad,Biofuel,2018,28.629538940943064,Fuel Costs in EUR/MWh
Mordor,Biofuel,2018,28.75169603035014,Fuel Costs in EUR/MWh
DolAmroth,Biomass,2025,13.396108596046702,Fuel Costs in EUR/MWh
Gondor,Biomass,2025,13.436256926149255,Fuel Costs in EUR/MWh
Rohan,Biomass,2025,13.410466336867367,Fuel Costs in EUR/MWh
Harad,Biomass,2025,13.436256926149257,Fuel Costs in EUR/MWh
Mordor,Biomass,2025,13.160179731813672,Fuel Costs in EUR/MWh
DolAmroth,Hardcoal,2025,8.501412009600001,Fuel Costs in EUR/MWh
Gondor,Hardcoal,2025,8.501412009600003,Fuel Costs in EUR/MWh
Rohan,Hardcoal,2025,8.501412009600003,Fuel Costs in EUR/MWh
Harad,Hardcoal,2025,8.501412009600003,Fuel Costs in EUR/MWh
Mordor,Hardcoal,2025,8.3999999988,Fuel Costs in EUR/MWh
DolAmroth,H2,2025,126.0,Fuel Costs in EUR/MWh
Gondor,H2,2025,126.0,Fuel Costs in EUR/MWh
Rohan,H2,2025,126.0,Fuel Costs in EUR/MWh
Harad,H2,2025,126.0,Fuel Costs in EUR/MWh
Mordor,H2,2025,126.0,Fuel Costs in EUR/MWh
DolAmroth,Gas_Natural,2025,24.87451250519999,Fuel Costs in EUR/MWh
Gondor,Gas_Natural,2025,24.8745125052,Fuel Costs in EUR/MWh
Rohan,Gas_Natural,2025,24.874512505200002,Fuel Costs in EUR/MWh
Harad,Gas_Natural,2025,24.874512505200002,Fuel Costs in EUR/MWh
Mordor,Gas_Natural,2025,24.874512505200002,Fuel Costs in EUR/MWh
DolAmroth,Nuclear,2025,2.5999999992,Fuel Costs in EUR/MWh
Gondor,Nuclear,2025,2.5999999992,Fuel Costs in EUR/MWh
Rohan,Nuclear,2025,2.5999999992,Fuel Costs in EUR/MWh
Harad,Nuclear,2025,2.5999999992,Fuel Costs in EUR/MWh
Mordor,Nuclear,2025,2.5999999992,Fuel Costs in EUR/MWh
DolAmroth,Oil,2025,32.2941170916,Fuel Costs in EUR/MWh
Gondor,Oil,2025,32.2941170916,Fuel Costs in EUR/MWh
Rohan,Oil,2025,32.2941170916,Fuel Costs in EUR/MWh
Harad,Oil,2025,32.2941170916,Fuel Costs in EUR/MWh
Mordor,Oil,2025,32.29411709160001,Fuel Costs in EUR/MWh
DolAmroth,Lignite,2025,4.8338167392,Fuel Costs in EUR/MWh
Gondor,Lignite,2025,4.833816739200001,Fuel Costs in EUR/MWh
Rohan,Lignite,2025,4.8338167392,Fuel Costs in EUR/MWh
Harad,Lignite,2025,4.8338167392,Fuel Costs in EUR/MWh
Mordor,Lignite,2025,4.8338167391999995,Fuel Costs in EUR/MWh
DolAmroth,Gas_Bio,2025,29.16353574516641,Fuel Costs in EUR/MWh
Gondor,Gas_Bio,2025,29.250939281175373,Fuel Costs in EUR/MWh
Rohan,Gas_Bio,2025,29.194792769147753,Fuel Costs in EUR/MWh
Harad,Gas_Bio,2025,29.250939281175373,Fuel Costs in EUR/MWh
Mordor,Gas_Bio,2025,28.64991495626007,Fuel Costs in EUR/MWh
DolAmroth,Gas_Synth,2025,198.7746436407442,Fuel Costs in EUR/MWh
Gondor,Gas_Synth,2025,198.7746436407442,Fuel Costs in EUR/MWh
Rohan,Gas_Synth,2025,198.7746436407442,Fuel Costs in EUR/MWh
Harad,Gas_Synth,2025,198.7746436407442,Fuel Costs in EUR/MWh
Mordor,Gas_Synth,2025,198.7746436407442,Fuel Costs in EUR/MWh
DolAmroth,Biofuel,2025,23.77026685140804,Fuel Costs in EUR/MWh
Gondor,Biofuel,2025,23.82376255403554,Fuel Costs in EUR/MWh
Rohan,Biofuel,2025,23.78939784468679,Fuel Costs in EUR/MWh
Harad,Biofuel,2025,23.82376255403554,Fuel Costs in EUR/MWh
Mordor,Biofuel,2025,23.45590308260338,Fuel Costs in EUR/MWh
DolAmroth,Biomass,2030,14.19794949621493,Fuel Costs in EUR/MWh
Gondor,Biomass,2030,14.197949496214928,Fuel Costs in EUR/MWh
Rohan,Biomass,2030,14.197949496214928,Fuel Costs in EUR/MWh
Harad,Biomass,2030,14.197949496214928,Fuel Costs in EUR/MWh
Mordor,Biomass,2030,14.197949496214926,Fuel Costs in EUR/MWh
DolAmroth,Hardcoal,2030,6.301436731200002,Fuel Costs in EUR/MWh
Gondor,Hardcoal,2030,6.3014367312,Fuel Costs in EUR/MWh
Rohan,Hardcoal,2030,6.301436731200001,Fuel Costs in EUR/MWh
Harad,Hardcoal,2030,6.301436731200002,Fuel Costs in EUR/MWh
Mordor,Hardcoal,2030,6.3014367312,Fuel Costs in EUR/MWh
DolAmroth,H2,2030,104.4,Fuel Costs in EUR/MWh
Gondor,H2,2030,104.4,Fuel Costs in EUR/MWh
Rohan,H2,2030,104.4,Fuel Costs in EUR/MWh
Harad,H2,2030,104.4,Fuel Costs in EUR/MWh
Mordor,H2,2030,51.75558743750133,Fuel Costs in EUR/MWh
DolAmroth,Gas_Natural,2030,19.3468430592,Fuel Costs in EUR/MWh
Gondor,Gas_Natural,2030,19.346843059199998,Fuel Costs in EUR/MWh
Rohan,Gas_Natural,2030,19.3468430592,Fuel Costs in EUR/MWh
Harad,Gas_Natural,2030,19.346843059199998,Fuel Costs in EUR/MWh
Mordor,Gas_Natural,2030,19.3468430592,Fuel Costs in EUR/MWh
DolAmroth,Nuclear,2030,2.5999999992,Fuel Costs in EUR/MWh
Gondor,Nuclear,2030,2.5999999992,Fuel Costs in EUR/MWh
Rohan,Nuclear,2030,2.5999999992,Fuel Costs in EUR/MWh
Harad,Nuclear,2030,2.5999999992,Fuel Costs in EUR/MWh
Mordor,Nuclear,2030,2.5999999992,Fuel Costs in EUR/MWh
DolAmroth,Oil,2030,30.282352419600002,Fuel Costs in EUR/MWh
Gondor,Oil,2030,30.282352419600006,Fuel Costs in EUR/MWh
Rohan,Oil,2030,30.282352419599995,Fuel Costs in EUR/MWh
Harad,Oil,2030,30.282352419599995,Fuel Costs in EUR/MWh
Mordor,Oil,2030,30.282352419600002,Fuel Costs in EUR/MWh
DolAmroth,Lignite,2030,4.5921259044000005,Fuel Costs in EUR/MWh
Gondor,Lignite,2030,4.5921259044000005,Fuel Costs in EUR/MWh
Rohan,Lignite,2030,4.5921259044000005,Fuel Costs in EUR/MWh
Harad,Lignite,2030,4.5921259044000005,Fuel Costs in EUR/MWh
Mordor,Lignite,2030,4.592125904400001,Fuel Costs in EUR/MWh
DolAmroth,Gas_Bio,2030,28.178312363841226,Fuel Costs in EUR/MWh
Gondor,Gas_Bio,2030,28.178312363841222,Fuel Costs in EUR/MWh
Rohan,Gas_Bio,2030,28.178312363841222,Fuel Costs in EUR/MWh
Harad,Gas_Bio,2030,28.178312363841222,Fuel Costs in EUR/MWh
Mordor,Gas_Bio,2030,28.17831236384122,Fuel Costs in EUR/MWh
DolAmroth,Gas_Synth,2030,157.1506814327043,Fuel Costs in EUR/MWh
Gondor,Gas_Synth,2030,157.1506814327043,Fuel Costs in EUR/MWh
Rohan,Gas_Synth,2030,157.1506814327043,Fuel Costs in EUR/MWh
Harad,Gas_Synth,2030,157.1506814327043,Fuel Costs in EUR/MWh
Mordor,Gas_Synth,2030,80.33673420772277,Fuel Costs in EUR/MWh
DolAmroth,Biofuel,2030,23.14584973865375,Fuel Costs in EUR/MWh
Gondor,Biofuel,2030,23.145849738653748,Fuel Costs in EUR/MWh
Rohan,Biofuel,2030,23.145849738653748,Fuel Costs in EUR/MWh
Harad,Biofuel,2030,23.145849738653748,Fuel Costs in EUR/MWh
Mordor,Biofuel,2030,23.14584973865374,Fuel Costs in EUR/MWh
DolAmroth,Biomass,2035,14.959642066280605,Fuel Costs in EUR/MWh
Gondor,Biomass,2035,14.959642066280596,Fuel Costs in EUR/MWh
Rohan,Biomass,2035,14.959642066280596,Fuel Costs in EUR/MWh
Harad,Biomass,2035,14.959642066280605,Fuel Costs in EUR/MWh
Mordor,Biomass,2035,14.9427370946132,Fuel Costs in EUR/MWh
DolAmroth,Hardcoal,2035,4.726077548399999,Fuel Costs in EUR/MWh
Gondor,Hardcoal,2035,4.726077548400001,Fuel Costs in EUR/MWh
Rohan,Hardcoal,2035,4.7260775484,Fuel Costs in EUR/MWh
Harad,Hardcoal,2035,4.726077548400001,Fuel Costs in EUR/MWh
Mordor,Hardcoal,2035,4.7260775484,Fuel Costs in EUR/MWh
DolAmroth,H2,2035,48.98425942581349,Fuel Costs in EUR/MWh
Gondor,H2,2035,82.8,Fuel Costs in EUR/MWh
Rohan,H2,2035,82.8,Fuel Costs in EUR/MWh
Harad,H2,2035,42.04556587370079,Fuel Costs in EUR/MWh
Mordor,H2,2035,39.93345095737787,Fuel Costs in EUR/MWh
DolAmroth,Gas_Natural,2035,16.4448165996,Fuel Costs in EUR/MWh
Gondor,Gas_Natural,2035,16.444816599600006,Fuel Costs in EUR/MWh
Rohan,Gas_Natural,2035,16.444816599600003,Fuel Costs in EUR/MWh
Harad,Gas_Natural,2035,16.4448165996,Fuel Costs in EUR/MWh
Mordor,Gas_Natural,2035,16.4448165996,Fuel Costs in EUR/MWh
DolAmroth,Nuclear,2035,2.5999999992,Fuel Costs in EUR/MWh
Gondor,Nuclear,2035,2.5999999992,Fuel Costs in EUR/MWh
Rohan,Nuclear,2035,2.5999999992,Fuel Costs in EUR/MWh
Harad,Nuclear,2035,2.5999999992,Fuel Costs in EUR/MWh
Mordor,Nuclear,2035,2.5999999992,Fuel Costs in EUR/MWh
DolAmroth,Oil,2035,25.7399995572,Fuel Costs in EUR/MWh
Gondor,Oil,2035,25.7399995572,Fuel Costs in EUR/MWh
Rohan,Oil,2035,25.7399995572,Fuel Costs in EUR/MWh
Harad,Oil,2035,25.7399995572,Fuel Costs in EUR/MWh
Mordor,Oil,2035,25.7399995572,Fuel Costs in EUR/MWh
DolAmroth,Lignite,2035,4.362519607199999,Fuel Costs in EUR/MWh
Gondor,Lignite,2035,4.362519607199999,Fuel Costs in EUR/MWh
Rohan,Lignite,2035,4.362519607199999,Fuel Costs in EUR/MWh
Harad,Lignite,2035,4.362519607199999,Fuel Costs in EUR/MWh
Mordor,Lignite,2035,4.362519607199999,Fuel Costs in EUR/MWh
DolAmroth,Gas_Bio,2035,26.93609366119565,Fuel Costs in EUR/MWh
Gondor,Gas_Bio,2035,26.936093661195628,Fuel Costs in EUR/MWh
Rohan,Gas_Bio,2035,26.936093661195628,Fuel Costs in EUR/MWh
Harad,Gas_Bio,2035,26.93609366119565,Fuel Costs in EUR/MWh
Mordor,Gas_Bio,2035,26.905654837983462,Fuel Costs in EUR/MWh
DolAmroth,Gas_Synth,2035,72.62336018668418,Fuel Costs in EUR/MWh
Gondor,Gas_Synth,2035,119.73083397078959,Fuel Costs in EUR/MWh
Rohan,Gas_Synth,2035,119.73083397078959,Fuel Costs in EUR/MWh
Harad,Gas_Synth,2035,62.95731948930546,Fuel Costs in EUR/MWh
Mordor,Gas_Synth,2035,60.015009300018896,Fuel Costs in EUR/MWh
DolAmroth,Biofuel,2035,23.507207469351165,Fuel Costs in EUR/MWh
Gondor,Biofuel,2035,23.507207469351155,Fuel Costs in EUR/MWh
Rohan,Biofuel,2035,23.507207469351155,Fuel Costs in EUR/MWh
Harad,Biofuel,2035,23.507207469351165,Fuel Costs in EUR/MWh
Mordor,Biofuel,2035,23.485082571251468,Fuel Costs in EUR/MWh
DolAmroth,Biomass,2040,15.695295643003977,Fuel Costs in EUR/MWh
Gondor,Biomass,2040,15.55803456855051,Fuel Costs in EUR/MWh
Rohan,Biomass,2040,15.56115488789717,Fuel Costs in EUR/MWh
Harad,Biomass,2040,15.688512714980533,Fuel Costs in EUR/MWh
Mordor,Biomass,2040,15.637536970691343,Fuel Costs in EUR/MWh
DolAmroth,Hardcoal,2040,3.5445581604000003,Fuel Costs in EUR/MWh
Gondor,Hardcoal,2040,3.544558160400001,Fuel Costs in EUR/MWh
Rohan,Hardcoal,2040,3.5445581604000003,Fuel Costs in EUR/MWh
Harad,Hardcoal,2040,3.5445581604000003,Fuel Costs in EUR/MWh
Mordor,Hardcoal,2040,3.5445581604000007,Fuel Costs in EUR/MWh
DolAmroth,H2,2040,42.06324663180366,Fuel Costs in EUR/MWh
Gondor,H2,2040,37.40003042756244,Fuel Costs in EUR/MWh
Rohan,H2,2040,42.52452944751284,Fuel Costs in EUR/MWh
Harad,H2,2040,31.425001521280745,Fuel Costs in EUR/MWh
Mordor,H2,2040,29.361508686612567,Fuel Costs in EUR/MWh
DolAmroth,Gas_Natural,2040,12.909181031999998,Fuel Costs in EUR/MWh
Gondor,Gas_Natural,2040,12.909181032000003,Fuel Costs in EUR/MWh
Rohan,Gas_Natural,2040,12.909181032000003,Fuel Costs in EUR/MWh
Harad,Gas_Natural,2040,12.909181032000001,Fuel Costs in EUR/MWh
Mordor,Gas_Natural,2040,12.909181032000001,Fuel Costs in EUR/MWh
DolAmroth,Nuclear,2040,2.5999999992,Fuel Costs in EUR/MWh
Gondor,Nuclear,2040,2.5999999992,Fuel Costs in EUR/MWh
Rohan,Nuclear,2040,2.5999999992,Fuel Costs in EUR/MWh
Harad,Nuclear,2040,2.5999999992,Fuel Costs in EUR/MWh
Mordor,Nuclear,2040,2.5999999992,Fuel Costs in EUR/MWh
DolAmroth,Oil,2040,20.591999647199998,Fuel Costs in EUR/MWh
Gondor,Oil,2040,20.591999647199998,Fuel Costs in EUR/MWh
Rohan,Oil,2040,20.591999647199998,Fuel Costs in EUR/MWh
Harad,Oil,2040,20.591999647199998,Fuel Costs in EUR/MWh
Mordor,Oil,2040,20.591999647199998,Fuel Costs in EUR/MWh
DolAmroth,Lignite,2040,4.1443936272,Fuel Costs in EUR/MWh
Gondor,Lignite,2040,4.1443936272,Fuel Costs in EUR/MWh
Rohan,Lignite,2040,4.1443936272,Fuel Costs in EUR/MWh
Harad,Lignite,2040,4.1443936272,Fuel Costs in EUR/MWh
Mordor,Lignite,2040,4.1443936272,Fuel Costs in EUR/MWh
DolAmroth,Gas_Bio,2040,25.500828399401858,Fuel Costs in EUR/MWh
Gondor,Gas_Bio,2040,25.277814371175154,Fuel Costs in EUR/MWh
Rohan,Gas_Bio,2040,25.282884089517538,Fuel Costs in EUR/MWh
Harad,Gas_Bio,2040,25.48980788169352,Fuel Costs in EUR/MWh
Mordor,Gas_Bio,2040,25.406985376325178,Fuel Costs in EUR/MWh
DolAmroth,Gas_Synth,2040,60.093174987856884,Fuel Costs in EUR/MWh
Gondor,Gas_Synth,2040,53.88499364060914,Fuel Costs in EUR/MWh
Rohan,Gas_Synth,2040,60.70728491689835,Fuel Costs in EUR/MWh
Harad,Gas_Synth,2040,45.93038433651836,Fuel Costs in EUR/MWh
Mordor,Gas_Synth,2040,43.183237911114546,Fuel Costs in EUR/MWh
DolAmroth,Biofuel,2040,23.98904080828765,Fuel Costs in EUR/MWh
Gondor,Biofuel,2040,23.810656744731528,Fuel Costs in EUR/MWh
Rohan,Biofuel,2040,23.81471190200656,Fuel Costs in EUR/MWh
Harad,Biofuel,2040,23.98022573621825,Fuel Costs in EUR/MWh
Mordor,Biofuel,2040,23.91397781818824,Fuel Costs in EUR/MWh
DolAmroth,Biomass,2045,17.762633016287328,Fuel Costs in EUR/MWh
Gondor,Biomass,2045,17.762633016287328,Fuel Costs in EUR/MWh
Rohan,Biomass,2045,17.762633016287324,Fuel Costs in EUR/MWh
Harad,Biomass,2045,17.762633016287328,Fuel Costs in EUR/MWh
Mordor,Biomass,2045,17.762633016287328,Fuel Costs in EUR/MWh
DolAmroth,Hardcoal,2045,2.6584186212,Fuel Costs in EUR/MWh
Gondor,Hardcoal,2045,2.6584186212,Fuel Costs in EUR/MWh
Rohan,Hardcoal,2045,2.6584186212000005,Fuel Costs in EUR/MWh
Harad,Hardcoal,2045,2.6584186212,Fuel Costs in EUR/MWh
Mordor,Hardcoal,2045,2.6584186212,Fuel Costs in EUR/MWh
DolAmroth,H2,2045,38.94059401719701,Fuel Costs in EUR/MWh
Gondor,H2,2045,43.67817381187245,Fuel Costs in EUR/MWh
Rohan,H2,2045,41.35544063029557,Fuel Costs in EUR/MWh
Harad,H2,2045,43.98036832736614,Fuel Costs in EUR/MWh
Mordor,H2,2045,33.88208169650496,Fuel Costs in EUR/MWh
DolAmroth,Gas_Natural,2045,10.004615298000001,Fuel Costs in EUR/MWh
Gondor,Gas_Natural,2045,10.004615298000001,Fuel Costs in EUR/MWh
Rohan,Gas_Natural,2045,10.004615298,Fuel Costs in EUR/MWh
Harad,Gas_Natural,2045,10.004615298000001,Fuel Costs in EUR/MWh
Mordor,Gas_Natural,2045,10.004615298000001,Fuel Costs in EUR/MWh
DolAmroth,Nuclear,2045,2.5999999992,Fuel Costs in EUR/MWh
Gondor,Nuclear,2045,2.5999999992,Fuel Costs in EUR/MWh
Rohan,Nuclear,2045,2.5999999992,Fuel Costs in EUR/MWh
Harad,Nuclear,2045,2.5999999992,Fuel Costs in EUR/MWh
Mordor,Nuclear,2045,2.5999999992,Fuel Costs in EUR/MWh
DolAmroth,Oil,2045,16.061759722799998,Fuel Costs in EUR/MWh
Gondor,Oil,2045,16.061759722799998,Fuel Costs in EUR/MWh
Rohan,Oil,2045,16.061759722799998,Fuel Costs in EUR/MWh
Harad,Oil,2045,16.061759722799998,Fuel Costs in EUR/MWh
Mordor,Oil,2045,16.061759722799998,Fuel Costs in EUR/MWh
DolAmroth,Lignite,2045,3.937173948,Fuel Costs in EUR/MWh
Gondor,Lignite,2045,3.937173948,Fuel Costs in EUR/MWh
Rohan,Lignite,2045,3.937173948,Fuel Costs in EUR/MWh
Harad,Lignite,2045,3.937173948,Fuel Costs in EUR/MWh
Mordor,Lignite,2045,3.937173948,Fuel Costs in EUR/MWh
DolAmroth,Gas_Bio,2045,25.88286967126231,Fuel Costs in EUR/MWh
Gondor,Gas_Bio,2045,25.88286967126231,Fuel Costs in EUR/MWh
Rohan,Gas_Bio,2045,25.882869671262302,Fuel Costs in EUR/MWh
Harad,Gas_Bio,2045,25.88286967126231,Fuel Costs in EUR/MWh
Mordor,Gas_Bio,2045,25.88286967126231,Fuel Costs in EUR/MWh
DolAmroth,Gas_Synth,2045,53.40002226752361,Fuel Costs in EUR/MWh
Gondor,Gas_Synth,2045,59.43496694143637,Fuel Costs in EUR/MWh
Rohan,Gas_Synth,2045,56.47616374432037,Fuel Costs in EUR/MWh
Harad,Gas_Synth,2045,59.8199160633095,Fuel Costs in EUR/MWh
Mordor,Gas_Synth,2045,46.95625914146655,Fuel Costs in EUR/MWh
DolAmroth,Biofuel,2045,26.187140663150142,Fuel Costs in EUR/MWh
Gondor,Biofuel,2045,26.187140663150142,Fuel Costs in EUR/MWh
Rohan,Biofuel,2045,26.187140663150135,Fuel Costs in EUR/MWh
Harad,Biofuel,2045,26.187140663150142,Fuel Costs in EUR/MWh
Mordor,Biofuel,2045,26.187140663150142,Fuel Costs in EUR/MWh
DolAmroth,Biomass,2050,17.244719772447763,Fuel Costs in EUR/MWh
Gondor,Biomass,2050,17.36715162709184,Fuel Costs in EUR/MWh
Rohan,Biomass,2050,17.244719772447763,Fuel Costs in EUR/MWh
Harad,Biomass,2050,17.244719772447763,Fuel Costs in EUR/MWh
Mordor,Biomass,2050,18.583457092985913,Fuel Costs in EUR/MWh
DolAmroth,Hardcoal,2050,1.9938139668000001,Fuel Costs in EUR/MWh
Gondor,Hardcoal,2050,1.9938139668000001,Fuel Costs in EUR/MWh
Rohan,Hardcoal,2050,1.9938139668000001,Fuel Costs in EUR/MWh
Harad,Hardcoal,2050,1.9938139668000001,Fuel Costs in EUR/MWh
Mordor,Hardcoal,2050,1.9938139668000001,Fuel Costs in EUR/MWh
DolAmroth,H2,2050,34.5762382494515,Fuel Costs in EUR/MWh
Gondor,H2,2050,37.20267110300193,Fuel Costs in EUR/MWh
Rohan,H2,2050,33.925771707051176,Fuel Costs in EUR/MWh
Harad,H2,2050,33.43657952509832,Fuel Costs in EUR/MWh
Mordor,H2,2050,20.55756914851401,Fuel Costs in EUR/MWh
DolAmroth,Gas_Natural,2050,7.5034614744,Fuel Costs in EUR/MWh
Gondor,Gas_Natural,2050,7.5034614744,Fuel Costs in EUR/MWh
Rohan,Gas_Natural,2050,7.5034614744,Fuel Costs in EUR/MWh
Harad,Gas_Natural,2050,7.5034614744,Fuel Costs in EUR/MWh
Mordor,Gas_Natural,2050,7.5034614744,Fuel Costs in EUR/MWh
DolAmroth,Nuclear,2050,2.5999999992,Fuel Costs in EUR/MWh
Gondor,Nuclear,2050,2.5999999992,Fuel Costs in EUR/MWh
Rohan,Nuclear,2050,2.5999999992,Fuel Costs in EUR/MWh
Harad,Nuclear,2050,2.5999999992,Fuel Costs in EUR/MWh
Mordor,Nuclear,2050,2.5999999992,Fuel Costs in EUR/MWh
DolAmroth,Oil,2050,16.061759722799998,Fuel Costs in EUR/MWh
Gondor,Oil,2050,16.061759722799998,Fuel Costs in EUR/MWh
Rohan,Oil,2050,16.061759722799998,Fuel Costs in EUR/MWh
Harad,Oil,2050,16.061759722799998,Fuel Costs in EUR/MWh
Mordor,Oil,2050,16.061759722799998,Fuel Costs in EUR/MWh
DolAmroth,Lignite,2050,3.7403152488000004,Fuel Costs in EUR/MWh
Gondor,Lignite,2050,3.7403152488000004,Fuel Costs in EUR/MWh
Rohan,Lignite,2050,3.7403152488000004,Fuel Costs in EUR/MWh
Harad,Lignite,2050,3.7403152488000004,Fuel Costs in EUR/MWh
Mordor,Lignite,2050,3.7403152488000004,Fuel Costs in EUR/MWh
DolAmroth,Gas_Bio,2050,22.380405947302513,Fuel Costs in EUR/MWh
Gondor,Gas_Bio,2050,22.539299489440175,Fuel Costs in EUR/MWh
Rohan,Gas_Bio,2050,22.380405947302513,Fuel Costs in EUR/MWh
Harad,Gas_Bio,2050,22.380405947302513,Fuel Costs in EUR/MWh
Mordor,Gas_Bio,2050,24.11783543794103,Fuel Costs in EUR/MWh
DolAmroth,Gas_Synth,2050,45.8070329419299,Fuel Costs in EUR/MWh
Gondor,Gas_Synth,2050,49.01304914836417,Fuel Costs in EUR/MWh
Rohan,Gas_Synth,2050,45.01302586352328,Fuel Costs in EUR/MWh
Harad,Gas_Synth,2050,44.41588207540713,Fuel Costs in EUR/MWh
Mordor,Gas_Synth,2050,28.69481921467272,Fuel Costs in EUR/MWh
DolAmroth,Biofuel,2050,25.147128902004816,Fuel Costs in EUR/MWh
Gondor,Biofuel,2050,25.304152614049134,Fuel Costs in EUR/MWh
Rohan,Biofuel,2050,25.147128902004816,Fuel Costs in EUR/MWh
Harad,Biofuel,2050,25.147128902004816,Fuel Costs in EUR/MWh
Mordor,Biofuel,2050,26.864112640708086,Fuel Costs in EUR/MWh
Total,Biomass,2018,3.776788470189229,Fuel Costs in MEUR/PJ
Total,Biomass,2018,13.596438492681225,Fuel Costs in EUR/MWh
Total,Hardcoal,2018,2.313784590475683,Fuel Costs in MEUR/PJ
Total,Hardcoal,2018,8.32962452571246,Fuel Costs in EUR/MWh
Total,H2,2018,99.0,Fuel Costs in MEUR/PJ
Total,H2,2018,356.40000000000003,Fuel Costs in EUR/MWh
Total,Gas_Natural,2018,4.674634037,Fuel Costs in MEUR/PJ
Total,Gas_Natural,2018,16.8286825332,Fuel Costs in EUR/MWh
Total,Nuclear,2018,0.722222222,Fuel Costs in MEUR/PJ
Total,Nuclear,2018,2.5999999992,Fuel Costs in EUR/MWh
Total,Oil,2018,9.073529255999999,Fuel Costs in MEUR/PJ
Total,Oil,2018,32.664705321599996,Fuel Costs in EUR/MWh
Total,Lignite,2018,2.324665638,Fuel Costs in MEUR/PJ
Total,Lignite,2018,8.3687962968,Fuel Costs in EUR/MWh
Total,Gas_Bio,2018,9.700892602009704,Fuel Costs in MEUR/PJ
Total,Gas_Bio,2018,34.923213367234936,Fuel Costs in EUR/MWh
Total,Gas_Synth,2018,167.34707749843886,Fuel Costs in MEUR/PJ
Total,Gas_Synth,2018,602.4494789943799,Fuel Costs in EUR/MWh
Total,Biofuel,2018,7.972236154789454,Fuel Costs in MEUR/PJ
Total,Biofuel,2018,28.700050157242035,Fuel Costs in EUR/MWh
Total,Biomass,2025,3.721515659561151,Fuel Costs in MEUR/PJ
Total,Biomass,2025,13.397456374420145,Fuel Costs in EUR/MWh
Total,Hardcoal,2025,2.353590697796157,Fuel Costs in MEUR/PJ
Total,Hardcoal,2025,8.472926512066165,Fuel Costs in EUR/MWh
Total,H2,2025,35.0,Fuel Costs in MEUR/PJ
Total,H2,2025,126.0,Fuel Costs in EUR/MWh
Total,Gas_Natural,2025,6.909586807000001,Fuel Costs in MEUR/PJ
Total,Gas_Natural,2025,24.874512505200006,Fuel Costs in EUR/MWh
Total,Nuclear,2025,0.722222222,Fuel Costs in MEUR/PJ
Total,Nuclear,2025,2.5999999992,Fuel Costs in EUR/MWh
Total,Oil,2025,8.970588080999999,Fuel Costs in MEUR/PJ
Total,Oil,2025,32.2941170916,Fuel Costs in EUR/MWh
Total,Lignite,2025,1.3427268720000003,Fuel Costs in MEUR/PJ
Total,Lignite,2025,4.833816739200001,Fuel Costs in EUR/MWh
Total,Gas_Bio,2025,8.083895668495833,Fuel Costs in MEUR/PJ
Total,Gas_Bio,2025,29.102024406585,Fuel Costs in EUR/MWh
Total,Gas_Synth,2025,55.21517878909562,Fuel Costs in MEUR/PJ
Total,Gas_Synth,2025,198.77464364074422,Fuel Costs in EUR/MWh
Total,Biofuel,2025,6.592394049264961,Fuel Costs in MEUR/PJ
Total,Biofuel,2025,23.732618577353858,Fuel Costs in EUR/MWh
Total,Biomass,2030,3.943874860059702,Fuel Costs in MEUR/PJ
Total,Biomass,2030,14.197949496214926,Fuel Costs in EUR/MWh
Total,Hardcoal,2030,1.7503990919999999,Fuel Costs in MEUR/PJ
Total,Hardcoal,2030,6.3014367312,Fuel Costs in EUR/MWh
Total,H2,2030,14.376552065972595,Fuel Costs in MEUR/PJ
Total,H2,2030,51.75558743750134,Fuel Costs in EUR/MWh
Total,Gas_Natural,2030,5.374123072,Fuel Costs in MEUR/PJ
Total,Gas_Natural,2030,19.3468430592,Fuel Costs in EUR/MWh
Total,Nuclear,2030,0.722222222,Fuel Costs in MEUR/PJ
Total,Nuclear,2030,2.5999999992,Fuel Costs in EUR/MWh
Total,Oil,2030,8.411764561,Fuel Costs in MEUR/PJ
Total,Oil,2030,30.282352419600002,Fuel Costs in EUR/MWh
Total,Lignite,2030,1.275590529,Fuel Costs in MEUR/PJ
Total,Lignite,2030,4.5921259044000005,Fuel Costs in EUR/MWh
Total,Gas_Synth,2030,39.38552555214111,Fuel Costs in MEUR/PJ
Total,Gas_Synth,2030,141.787891987708,Fuel Costs in EUR/MWh
Total,Biofuel,2030,6.429402705181596,Fuel Costs in MEUR/PJ
Total,Biofuel,2030,23.145849738653748,Fuel Costs in EUR/MWh
Total,Biomass,2035,4.1547292580778725,Fuel Costs in MEUR/PJ
Total,Biomass,2035,14.957025329080341,Fuel Costs in EUR/MWh
Total,Hardcoal,2035,1.312799319,Fuel Costs in MEUR/PJ
Total,Hardcoal,2035,4.7260775484,Fuel Costs in EUR/MWh
Total,H2,2035,11.540030034289574,Fuel Costs in MEUR/PJ
Total,H2,2035,41.54410812344246,Fuel Costs in EUR/MWh
Total,Gas_Natural,2035,4.568004611000002,Fuel Costs in MEUR/PJ
Total,Gas_Natural,2035,16.444816599600006,Fuel Costs in EUR/MWh
Total,Nuclear,2035,0.722222222,Fuel Costs in MEUR/PJ
Total,Nuclear,2035,2.5999999992,Fuel Costs in EUR/MWh
Total,Oil,2035,7.149999877,Fuel Costs in MEUR/PJ
Total,Oil,2035,25.7399995572,Fuel Costs in EUR/MWh
Total,Lignite,2035,1.211811002,Fuel Costs in MEUR/PJ
Total,Lignite,2035,4.362519607199999,Fuel Costs in EUR/MWh
Total,Gas_Bio,2035,7.480557193487002,Fuel Costs in MEUR/PJ
Total,Gas_Bio,2035,26.930005896553208,Fuel Costs in EUR/MWh
Total,Gas_Synth,2035,24.16985316208821,Fuel Costs in MEUR/PJ
Total,Gas_Synth,2035,87.01147138351756,Fuel Costs in EUR/MWh
Total,Biofuel,2035,6.528550691592005,Fuel Costs in MEUR/PJ
Total,Biofuel,2035,23.502782489731217,Fuel Costs in EUR/MWh
Total,Biomass,2040,4.335026604137663,Fuel Costs in MEUR/PJ
Total,Biomass,2040,15.606095774895586,Fuel Costs in EUR/MWh
Total,Hardcoal,2040,0.984599489,Fuel Costs in MEUR/PJ
Total,Hardcoal,2040,3.5445581604000003,Fuel Costs in EUR/MWh
Total,H2,2040,9.352553053300177,Fuel Costs in MEUR/PJ
Total,H2,2040,33.66919099188064,Fuel Costs in EUR/MWh
Total,Gas_Natural,2040,3.58588362,Fuel Costs in MEUR/PJ
Total,Gas_Natural,2040,12.909181032000001,Fuel Costs in EUR/MWh
Total,Nuclear,2040,0.7222222219999999,Fuel Costs in MEUR/PJ
Total,Nuclear,2040,2.5999999991999996,Fuel Costs in EUR/MWh
Total,Oil,2040,5.7199999020000005,Fuel Costs in MEUR/PJ
Total,Oil,2040,20.5919996472,Fuel Costs in EUR/MWh
Total,Lignite,2040,1.151220452,Fuel Costs in MEUR/PJ
Total,Lignite,2040,4.1443936272,Fuel Costs in EUR/MWh
Total,Gas_Bio,2040,7.053240006561848,Fuel Costs in MEUR/PJ
Total,Gas_Bio,2040,25.391664023622653,Fuel Costs in EUR/MWh
Total,Gas_Synth,2040,12.758440093477322,Fuel Costs in MEUR/PJ
Total,Gas_Synth,2040,45.93038433651836,Fuel Costs in EUR/MWh
Total,Biofuel,2040,6.639367389412901,Fuel Costs in MEUR/PJ
Total,Biofuel,2040,23.901722601886444,Fuel Costs in EUR/MWh
Total,Biomass,2045,4.93406472674648,Fuel Costs in MEUR/PJ
Total,Biomass,2045,17.762633016287328,Fuel Costs in EUR/MWh
Total,Hardcoal,2045,0.738449617,Fuel Costs in MEUR/PJ
Total,Hardcoal,2045,2.6584186212,Fuel Costs in EUR/MWh
Total,H2,2045,11.288509594354027,Fuel Costs in MEUR/PJ
Total,H2,2045,40.6386345396745,Fuel Costs in EUR/MWh
Total,Gas_Natural,2045,2.779059805,Fuel Costs in MEUR/PJ
Total,Gas_Natural,2045,10.004615298000001,Fuel Costs in EUR/MWh
Total,Nuclear,2045,0.7222222219999999,Fuel Costs in MEUR/PJ
Total,Nuclear,2045,2.5999999991999996,Fuel Costs in EUR/MWh
Total,Oil,2045,4.461599923,Fuel Costs in MEUR/PJ
Total,Oil,2045,16.061759722799998,Fuel Costs in EUR/MWh
Total,Lignite,2045,1.09365943,Fuel Costs in MEUR/PJ
Total,Lignite,2045,3.937173948,Fuel Costs in EUR/MWh
Total,Gas_Bio,2045,7.189686019795086,Fuel Costs in MEUR/PJ
Total,Gas_Bio,2045,25.88286967126231,Fuel Costs in EUR/MWh
Total,Gas_Synth,2045,14.948357602053495,Fuel Costs in MEUR/PJ
Total,Gas_Synth,2045,53.81408736739258,Fuel Costs in EUR/MWh
Total,Biofuel,2045,7.274205739763929,Fuel Costs in MEUR/PJ
Total,Biofuel,2045,26.187140663150142,Fuel Costs in EUR/MWh
Total,Biomass,2050,4.859387814491803,Fuel Costs in MEUR/PJ
Total,Biomass,2050,17.49379613217049,Fuel Costs in EUR/MWh
Total,Hardcoal,2050,0.553837213,Fuel Costs in MEUR/PJ
Total,Hardcoal,2050,1.9938139668000001,Fuel Costs in EUR/MWh
Total,H2,2050,9.195172934795108,Fuel Costs in MEUR/PJ
Total,H2,2050,33.10262256526239,Fuel Costs in EUR/MWh
Total,Gas_Natural,2050,2.084294854,Fuel Costs in MEUR/PJ
Total,Gas_Natural,2050,7.5034614744,Fuel Costs in EUR/MWh
Total,Nuclear,2050,0.722222222,Fuel Costs in MEUR/PJ
Total,Nuclear,2050,2.5999999992,Fuel Costs in EUR/MWh
Total,Oil,2050,4.461599922999999,Fuel Costs in MEUR/PJ
Total,Oil,2050,16.061759722799994,Fuel Costs in EUR/MWh
Total,Lignite,2050,1.038976458,Fuel Costs in MEUR/PJ
Total,Lignite,2050,3.7403152488000004,Fuel Costs in EUR/MWh
Total,Gas_Bio,2050,6.322130709404929,Fuel Costs in MEUR/PJ
Total,Gas_Bio,2050,22.759670553857745,Fuel Costs in EUR/MWh
Total,Gas_Synth,2050,12.577832826072955,Fuel Costs in MEUR/PJ
Total,Gas_Synth,2050,45.28019817386264,Fuel Costs in EUR/MWh
Total,Biofuel,2050,7.028366986809696,Fuel Costs in MEUR/PJ
Total,Biofuel,2050,25.302121152514907,Fuel Costs in EUR/MWh
