,Region,Unit,Year,Variable,Value
0,DolAmroth,MEUR/GW,2018,Fixed Cost|Electricity|Battery|Lithium-Ion,0.686
1,DolAmroth,MEUR/GW,2018,Fixed Cost|Electricity|Battery|Redox Flow,24.8
2,DolAmroth,MEUR/GW,2018,Fixed Cost|Electricity|Biomass|w/ CCS,81.5
3,DolAmroth,MEUR/GW,2018,Fixed Cost|Electricity|Biomass|w/o CCS,47.2
4,DolAmroth,MEUR/GW,2018,Fixed Cost|Electricity|Coal|Hard coal|w/ CCS,83.75
5,DolAmroth,MEUR/GW,2018,Fixed Cost|Electricity|Coal|Hard coal|w/o CCS,42.9
6,DolAmroth,MEUR/GW,2018,Fixed Cost|Electricity|Coal|Lignite|w/ CCS,87.5
7,DolAmroth,MEUR/GW,2018,Fixed Cost|Electricity|Coal|Lignite|w/o CCS,48.25
8,DolAmroth,MEUR/GW,2018,Fixed Cost|Electricity|Compressed Air,7.8
9,DolAmroth,MEUR/GW,2018,Fixed Cost|Electricity|Gas|CCGT|w/ CCS,37.5
10,DolAmroth,MEUR/GW,2018,Fixed Cost|Electricity|Geothermal,80.0
11,DolAmroth,MEUR/GW,2018,Fixed Cost|Electricity|Hydro|Pumped Storage,22.5
12,DolAmroth,MEUR/GW,2018,Fixed Cost|Electricity|Hydro|Reservoir,49.5
13,DolAmroth,MEUR/GW,2018,Fixed Cost|Electricity|Hydro|Run of River,76.8
14,DolAmroth,MEUR/GW,2018,Fixed Cost|Electricity|Nuclear,120.0
15,DolAmroth,MEUR/GW,2018,Fixed Cost|Electricity|Ocean,39.6
16,DolAmroth,MEUR/GW,2018,Fixed Cost|Electricity|Oil|w/o CCS,6.96
17,DolAmroth,MEUR/GW,2018,Fixed Cost|Electricity|Solar|CSP,193.496
18,DolAmroth,MEUR/GW,2018,Fixed Cost|Electricity|Solar|PV|Rooftop|Commercial,9.13
19,DolAmroth,MEUR/GW,2018,Fixed Cost|Electricity|Solar|PV|Rooftop|Residential,9.13
20,DolAmroth,MEUR/GW,2018,Fixed Cost|Electricity|Solar|PV|Utility,7.760000000000001
21,DolAmroth,MEUR/GW,2018,Fixed Cost|Electricity|Wind|Offshore,43.333333333333336
22,DolAmroth,MEUR/GW,2018,Fixed Cost|Electricity|Wind|Onshore,23.0
23,DolAmroth,MEUR/GW,2018,Fixed Cost|Heat|Industrial|Biomass,72.48533333333333
24,DolAmroth,MEUR/GW,2018,Fixed Cost|Heat|Industrial|Coal,61.949999999999996
25,DolAmroth,MEUR/GW,2018,Fixed Cost|Heat|Industrial|Electricity,90.20125
26,DolAmroth,MEUR/GW,2018,Fixed Cost|Heat|Industrial|Gas,80.583461538
27,DolAmroth,MEUR/GW,2018,Fixed Cost|Heat|Industrial|Geothermal,183.75
28,DolAmroth,MEUR/GW,2018,Fixed Cost|Heat|Industrial|Hydrogen,68.969
29,DolAmroth,MEUR/GW,2018,Fixed Cost|Heat|Industrial|Oil,10.5175
30,DolAmroth,MEUR/GW,2018,Fixed Cost|Heat|Industrial|Solar,27.055
31,DolAmroth,MEUR/GW,2018,Fixed Cost|Heat|Residential and Commercial|Biomass,101.15
32,DolAmroth,MEUR/GW,2018,Fixed Cost|Heat|Residential and Commercial|Coal,63.0
33,DolAmroth,MEUR/GW,2018,Fixed Cost|Heat|Residential and Commercial|Electricity,30.0
34,DolAmroth,MEUR/GW,2018,Fixed Cost|Heat|Residential and Commercial|Gas,6.825
35,DolAmroth,MEUR/GW,2018,Fixed Cost|Heat|Residential and Commercial|Geothermal,183.75
36,DolAmroth,MEUR/GW,2018,Fixed Cost|Heat|Residential and Commercial|Oil,17.325
37,DolAmroth,MEUR/GW,2018,Fixed Cost|Heat|Residential and Commercial|Solar,27.055
38,DolAmroth,MEUR/GW,2025,Fixed Cost|Electricity|Battery|Lithium-Ion,0.31
39,DolAmroth,MEUR/GW,2025,Fixed Cost|Electricity|Battery|Redox Flow,15.4
40,DolAmroth,MEUR/GW,2025,Fixed Cost|Electricity|Biomass|w/ CCS,75.3
41,DolAmroth,MEUR/GW,2025,Fixed Cost|Electricity|Biomass|w/o CCS,44.6
42,DolAmroth,MEUR/GW,2025,Fixed Cost|Electricity|Coal|Hard coal|w/ CCS,78.03571429
43,DolAmroth,MEUR/GW,2025,Fixed Cost|Electricity|Coal|Hard coal|w/o CCS,41.233333333333334
44,DolAmroth,MEUR/GW,2025,Fixed Cost|Electricity|Coal|Lignite|w/ CCS,87.5
45,DolAmroth,MEUR/GW,2025,Fixed Cost|Electricity|Coal|Lignite|w/o CCS,46.583333333333336
46,DolAmroth,MEUR/GW,2025,Fixed Cost|Electricity|Compressed Air,7.345
47,DolAmroth,MEUR/GW,2025,Fixed Cost|Electricity|Gas|CCGT|w/ CCS,37.5
48,DolAmroth,MEUR/GW,2025,Fixed Cost|Electricity|Geothermal,80.0
49,DolAmroth,MEUR/GW,2025,Fixed Cost|Electricity|Hydro|Pumped Storage,22.5
50,DolAmroth,MEUR/GW,2025,Fixed Cost|Electricity|Hydro|Reservoir,49.5
51,DolAmroth,MEUR/GW,2025,Fixed Cost|Electricity|Hydro|Run of River,76.8
52,DolAmroth,MEUR/GW,2025,Fixed Cost|Electricity|Nuclear,117.5
53,DolAmroth,MEUR/GW,2025,Fixed Cost|Electricity|Ocean,36.45
54,DolAmroth,MEUR/GW,2025,Fixed Cost|Electricity|Oil|w/o CCS,6.66
55,DolAmroth,MEUR/GW,2025,Fixed Cost|Electricity|Solar|CSP,183.312
56,DolAmroth,MEUR/GW,2025,Fixed Cost|Electricity|Solar|PV|Rooftop|Commercial,7.66
57,DolAmroth,MEUR/GW,2025,Fixed Cost|Electricity|Solar|PV|Rooftop|Residential,7.66
58,DolAmroth,MEUR/GW,2025,Fixed Cost|Electricity|Solar|PV|Utility,6.510000000000001
59,DolAmroth,MEUR/GW,2025,Fixed Cost|Electricity|Wind|Offshore,38.5
60,DolAmroth,MEUR/GW,2025,Fixed Cost|Electricity|Wind|Onshore,21.2
61,DolAmroth,MEUR/GW,2025,Fixed Cost|Heat|Industrial|Biomass,67.877
62,DolAmroth,MEUR/GW,2025,Fixed Cost|Heat|Industrial|Coal,61.843333333333334
63,DolAmroth,MEUR/GW,2025,Fixed Cost|Heat|Industrial|Electricity,81.12767856
64,DolAmroth,MEUR/GW,2025,Fixed Cost|Heat|Industrial|Gas,71.270425288
65,DolAmroth,MEUR/GW,2025,Fixed Cost|Heat|Industrial|Geothermal,165.2
66,DolAmroth,MEUR/GW,2025,Fixed Cost|Heat|Industrial|Hydrogen,57.576142860000004
67,DolAmroth,MEUR/GW,2025,Fixed Cost|Heat|Industrial|Oil,10.5175
68,DolAmroth,MEUR/GW,2025,Fixed Cost|Heat|Industrial|Solar,27.055
69,DolAmroth,MEUR/GW,2025,Fixed Cost|Heat|Residential and Commercial|Biomass,87.325
70,DolAmroth,MEUR/GW,2025,Fixed Cost|Heat|Residential and Commercial|Coal,63.0
71,DolAmroth,MEUR/GW,2025,Fixed Cost|Heat|Residential and Commercial|Electricity,26.141666666666666
72,DolAmroth,MEUR/GW,2025,Fixed Cost|Heat|Residential and Commercial|Gas,6.825
73,DolAmroth,MEUR/GW,2025,Fixed Cost|Heat|Residential and Commercial|Geothermal,165.2
74,DolAmroth,MEUR/GW,2025,Fixed Cost|Heat|Residential and Commercial|Oil,17.325
75,DolAmroth,MEUR/GW,2025,Fixed Cost|Heat|Residential and Commercial|Solar,27.055
76,DolAmroth,MEUR/GW,2030,Fixed Cost|Electricity|Battery|Lithium-Ion,0.28
77,DolAmroth,MEUR/GW,2030,Fixed Cost|Electricity|Battery|Redox Flow,14.6
78,DolAmroth,MEUR/GW,2030,Fixed Cost|Electricity|Biomass|w/ CCS,69.1
79,DolAmroth,MEUR/GW,2030,Fixed Cost|Electricity|Biomass|w/o CCS,41.9
80,DolAmroth,MEUR/GW,2030,Fixed Cost|Electricity|Coal|Hard coal|w/ CCS,75.17857143
81,DolAmroth,MEUR/GW,2030,Fixed Cost|Electricity|Coal|Hard coal|w/o CCS,39.56666666666667
82,DolAmroth,MEUR/GW,2030,Fixed Cost|Electricity|Coal|Lignite|w/ CCS,87.5
83,DolAmroth,MEUR/GW,2030,Fixed Cost|Electricity|Coal|Lignite|w/o CCS,44.916666666666664
84,DolAmroth,MEUR/GW,2030,Fixed Cost|Electricity|Compressed Air,6.89
85,DolAmroth,MEUR/GW,2030,Fixed Cost|Electricity|Gas|CCGT|w/ CCS,37.5
86,DolAmroth,MEUR/GW,2030,Fixed Cost|Electricity|Geothermal,80.0
87,DolAmroth,MEUR/GW,2030,Fixed Cost|Electricity|Hydro|Pumped Storage,22.5
88,DolAmroth,MEUR/GW,2030,Fixed Cost|Electricity|Hydro|Reservoir,49.5
89,DolAmroth,MEUR/GW,2030,Fixed Cost|Electricity|Hydro|Run of River,76.8
90,DolAmroth,MEUR/GW,2030,Fixed Cost|Electricity|Nuclear,115.0
91,DolAmroth,MEUR/GW,2030,Fixed Cost|Electricity|Ocean,33.3
92,DolAmroth,MEUR/GW,2030,Fixed Cost|Electricity|Oil|w/o CCS,6.51
93,DolAmroth,MEUR/GW,2030,Fixed Cost|Electricity|Solar|CSP,178.22
94,DolAmroth,MEUR/GW,2030,Fixed Cost|Electricity|Solar|PV|Rooftop|Commercial,6.66
95,DolAmroth,MEUR/GW,2030,Fixed Cost|Electricity|Solar|PV|Rooftop|Residential,6.66
96,DolAmroth,MEUR/GW,2030,Fixed Cost|Electricity|Solar|PV|Utility,5.66
97,DolAmroth,MEUR/GW,2030,Fixed Cost|Electricity|Wind|Offshore,33.666666666666664
98,DolAmroth,MEUR/GW,2030,Fixed Cost|Electricity|Wind|Onshore,20.0
99,DolAmroth,MEUR/GW,2030,Fixed Cost|Heat|Industrial|Biomass,66.41866666666667
100,DolAmroth,MEUR/GW,2030,Fixed Cost|Heat|Industrial|Coal,61.79
101,DolAmroth,MEUR/GW,2030,Fixed Cost|Heat|Industrial|Electricity,76.59089285249999
102,DolAmroth,MEUR/GW,2030,Fixed Cost|Heat|Industrial|Gas,66.611611764
103,DolAmroth,MEUR/GW,2030,Fixed Cost|Heat|Industrial|Geothermal,156.45
104,DolAmroth,MEUR/GW,2030,Fixed Cost|Heat|Industrial|Hydrogen,53.94471428000001
105,DolAmroth,MEUR/GW,2030,Fixed Cost|Heat|Industrial|Oil,10.5175
106,DolAmroth,MEUR/GW,2030,Fixed Cost|Heat|Industrial|Solar,27.055
107,DolAmroth,MEUR/GW,2030,Fixed Cost|Heat|Residential and Commercial|Biomass,82.95
108,DolAmroth,MEUR/GW,2030,Fixed Cost|Heat|Residential and Commercial|Coal,63.0
109,DolAmroth,MEUR/GW,2030,Fixed Cost|Heat|Residential and Commercial|Electricity,23.016666666666666
110,DolAmroth,MEUR/GW,2030,Fixed Cost|Heat|Residential and Commercial|Gas,6.825
111,DolAmroth,MEUR/GW,2030,Fixed Cost|Heat|Residential and Commercial|Geothermal,156.45
112,DolAmroth,MEUR/GW,2030,Fixed Cost|Heat|Residential and Commercial|Oil,17.325
113,DolAmroth,MEUR/GW,2030,Fixed Cost|Heat|Residential and Commercial|Solar,27.055
114,DolAmroth,MEUR/GW,2035,Fixed Cost|Electricity|Battery|Lithium-Ion,0.28
115,DolAmroth,MEUR/GW,2035,Fixed Cost|Electricity|Battery|Redox Flow,10.4
116,DolAmroth,MEUR/GW,2035,Fixed Cost|Electricity|Biomass|w/ CCS,66.05
117,DolAmroth,MEUR/GW,2035,Fixed Cost|Electricity|Biomass|w/o CCS,39.5
118,DolAmroth,MEUR/GW,2035,Fixed Cost|Electricity|Coal|Hard coal|w/ CCS,72.32142857
119,DolAmroth,MEUR/GW,2035,Fixed Cost|Electricity|Coal|Hard coal|w/o CCS,38.233333333333334
120,DolAmroth,MEUR/GW,2035,Fixed Cost|Electricity|Coal|Lignite|w/ CCS,87.5
121,DolAmroth,MEUR/GW,2035,Fixed Cost|Electricity|Coal|Lignite|w/o CCS,43.916666666666664
122,DolAmroth,MEUR/GW,2035,Fixed Cost|Electricity|Compressed Air,6.76
123,DolAmroth,MEUR/GW,2035,Fixed Cost|Electricity|Gas|CCGT|w/ CCS,37.5
124,DolAmroth,MEUR/GW,2035,Fixed Cost|Electricity|Geothermal,80.0
125,DolAmroth,MEUR/GW,2035,Fixed Cost|Electricity|Hydro|Pumped Storage,22.5
126,DolAmroth,MEUR/GW,2035,Fixed Cost|Electricity|Hydro|Reservoir,49.5
127,DolAmroth,MEUR/GW,2035,Fixed Cost|Electricity|Hydro|Run of River,76.8
128,DolAmroth,MEUR/GW,2035,Fixed Cost|Electricity|Nuclear,111.5
129,DolAmroth,MEUR/GW,2035,Fixed Cost|Electricity|Ocean,30.65
130,DolAmroth,MEUR/GW,2035,Fixed Cost|Electricity|Oil|w/o CCS,6.36
131,DolAmroth,MEUR/GW,2035,Fixed Cost|Electricity|Solar|CSP,170.582
132,DolAmroth,MEUR/GW,2035,Fixed Cost|Electricity|Solar|PV|Rooftop|Commercial,5.88
133,DolAmroth,MEUR/GW,2035,Fixed Cost|Electricity|Solar|PV|Rooftop|Residential,5.88
134,DolAmroth,MEUR/GW,2035,Fixed Cost|Electricity|Solar|PV|Utility,5.0
135,DolAmroth,MEUR/GW,2035,Fixed Cost|Electricity|Wind|Offshore,32.666666666666664
136,DolAmroth,MEUR/GW,2035,Fixed Cost|Electricity|Wind|Onshore,19.3
137,DolAmroth,MEUR/GW,2035,Fixed Cost|Heat|Industrial|Biomass,65.13533333333332
138,DolAmroth,MEUR/GW,2035,Fixed Cost|Heat|Industrial|Coal,61.73666666666667
139,DolAmroth,MEUR/GW,2035,Fixed Cost|Heat|Industrial|Electricity,72.0541071475
140,DolAmroth,MEUR/GW,2035,Fixed Cost|Heat|Industrial|Gas,61.951120482
141,DolAmroth,MEUR/GW,2035,Fixed Cost|Heat|Industrial|Geothermal,148.575
142,DolAmroth,MEUR/GW,2035,Fixed Cost|Heat|Industrial|Hydrogen,51.67828572
143,DolAmroth,MEUR/GW,2035,Fixed Cost|Heat|Industrial|Oil,10.5175
144,DolAmroth,MEUR/GW,2035,Fixed Cost|Heat|Industrial|Solar,27.055
145,DolAmroth,MEUR/GW,2035,Fixed Cost|Heat|Residential and Commercial|Biomass,79.1
146,DolAmroth,MEUR/GW,2035,Fixed Cost|Heat|Residential and Commercial|Coal,63.0
147,DolAmroth,MEUR/GW,2035,Fixed Cost|Heat|Residential and Commercial|Electricity,22.633333333333336
148,DolAmroth,MEUR/GW,2035,Fixed Cost|Heat|Residential and Commercial|Gas,6.825
149,DolAmroth,MEUR/GW,2035,Fixed Cost|Heat|Residential and Commercial|Geothermal,148.575
150,DolAmroth,MEUR/GW,2035,Fixed Cost|Heat|Residential and Commercial|Oil,17.325
151,DolAmroth,MEUR/GW,2035,Fixed Cost|Heat|Residential and Commercial|Solar,27.055
152,DolAmroth,MEUR/GW,2040,Fixed Cost|Electricity|Battery|Lithium-Ion,0.28
153,DolAmroth,MEUR/GW,2040,Fixed Cost|Electricity|Battery|Redox Flow,6.2
154,DolAmroth,MEUR/GW,2040,Fixed Cost|Electricity|Biomass|w/ CCS,63.0
155,DolAmroth,MEUR/GW,2040,Fixed Cost|Electricity|Biomass|w/o CCS,37.1
156,DolAmroth,MEUR/GW,2040,Fixed Cost|Electricity|Coal|Hard coal|w/ CCS,69.46428571
157,DolAmroth,MEUR/GW,2040,Fixed Cost|Electricity|Coal|Hard coal|w/o CCS,36.9
158,DolAmroth,MEUR/GW,2040,Fixed Cost|Electricity|Coal|Lignite|w/ CCS,87.5
159,DolAmroth,MEUR/GW,2040,Fixed Cost|Electricity|Coal|Lignite|w/o CCS,42.916666666666664
160,DolAmroth,MEUR/GW,2040,Fixed Cost|Electricity|Compressed Air,6.63
161,DolAmroth,MEUR/GW,2040,Fixed Cost|Electricity|Gas|CCGT|w/ CCS,37.5
162,DolAmroth,MEUR/GW,2040,Fixed Cost|Electricity|Geothermal,80.0
163,DolAmroth,MEUR/GW,2040,Fixed Cost|Electricity|Hydro|Pumped Storage,22.5
164,DolAmroth,MEUR/GW,2040,Fixed Cost|Electricity|Hydro|Reservoir,49.5
165,DolAmroth,MEUR/GW,2040,Fixed Cost|Electricity|Hydro|Run of River,76.8
166,DolAmroth,MEUR/GW,2040,Fixed Cost|Electricity|Nuclear,108.0
167,DolAmroth,MEUR/GW,2040,Fixed Cost|Electricity|Ocean,28.0
168,DolAmroth,MEUR/GW,2040,Fixed Cost|Electricity|Oil|w/o CCS,6.21
169,DolAmroth,MEUR/GW,2040,Fixed Cost|Electricity|Solar|CSP,162.944
170,DolAmroth,MEUR/GW,2040,Fixed Cost|Electricity|Solar|PV|Rooftop|Commercial,5.26
171,DolAmroth,MEUR/GW,2040,Fixed Cost|Electricity|Solar|PV|Rooftop|Residential,5.26
172,DolAmroth,MEUR/GW,2040,Fixed Cost|Electricity|Solar|PV|Utility,4.47
173,DolAmroth,MEUR/GW,2040,Fixed Cost|Electricity|Wind|Offshore,31.666666666666668
174,DolAmroth,MEUR/GW,2040,Fixed Cost|Electricity|Wind|Onshore,18.8
175,DolAmroth,MEUR/GW,2040,Fixed Cost|Heat|Industrial|Biomass,63.852
176,DolAmroth,MEUR/GW,2040,Fixed Cost|Heat|Industrial|Coal,61.68333333333334
177,DolAmroth,MEUR/GW,2040,Fixed Cost|Heat|Industrial|Electricity,67.51732144
178,DolAmroth,MEUR/GW,2040,Fixed Cost|Heat|Industrial|Gas,57.28882716
179,DolAmroth,MEUR/GW,2040,Fixed Cost|Heat|Industrial|Geothermal,140.7
180,DolAmroth,MEUR/GW,2040,Fixed Cost|Heat|Industrial|Hydrogen,49.41185714
181,DolAmroth,MEUR/GW,2040,Fixed Cost|Heat|Industrial|Oil,10.5175
182,DolAmroth,MEUR/GW,2040,Fixed Cost|Heat|Industrial|Solar,27.055
183,DolAmroth,MEUR/GW,2040,Fixed Cost|Heat|Residential and Commercial|Biomass,75.25
184,DolAmroth,MEUR/GW,2040,Fixed Cost|Heat|Residential and Commercial|Coal,63.0
185,DolAmroth,MEUR/GW,2040,Fixed Cost|Heat|Residential and Commercial|Electricity,22.25
186,DolAmroth,MEUR/GW,2040,Fixed Cost|Heat|Residential and Commercial|Gas,6.825
187,DolAmroth,MEUR/GW,2040,Fixed Cost|Heat|Residential and Commercial|Geothermal,140.7
188,DolAmroth,MEUR/GW,2040,Fixed Cost|Heat|Residential and Commercial|Oil,17.325
189,DolAmroth,MEUR/GW,2040,Fixed Cost|Heat|Residential and Commercial|Solar,27.055
190,DolAmroth,MEUR/GW,2045,Fixed Cost|Electricity|Battery|Lithium-Ion,0.28
191,DolAmroth,MEUR/GW,2045,Fixed Cost|Electricity|Battery|Redox Flow,6.2
192,DolAmroth,MEUR/GW,2045,Fixed Cost|Electricity|Biomass|w/ CCS,62.2
193,DolAmroth,MEUR/GW,2045,Fixed Cost|Electricity|Biomass|w/o CCS,35.0
194,DolAmroth,MEUR/GW,2045,Fixed Cost|Electricity|Coal|Hard coal|w/ CCS,66.60714286
195,DolAmroth,MEUR/GW,2045,Fixed Cost|Electricity|Coal|Hard coal|w/o CCS,36.56666666666667
196,DolAmroth,MEUR/GW,2045,Fixed Cost|Electricity|Coal|Lignite|w/ CCS,87.5
197,DolAmroth,MEUR/GW,2045,Fixed Cost|Electricity|Coal|Lignite|w/o CCS,42.916666666666664
198,DolAmroth,MEUR/GW,2045,Fixed Cost|Electricity|Compressed Air,6.24
199,DolAmroth,MEUR/GW,2045,Fixed Cost|Electricity|Gas|CCGT|w/ CCS,37.5
200,DolAmroth,MEUR/GW,2045,Fixed Cost|Electricity|Geothermal,80.0
201,DolAmroth,MEUR/GW,2045,Fixed Cost|Electricity|Hydro|Pumped Storage,22.5
202,DolAmroth,MEUR/GW,2045,Fixed Cost|Electricity|Hydro|Reservoir,49.5
203,DolAmroth,MEUR/GW,2045,Fixed Cost|Electricity|Hydro|Run of River,76.8
204,DolAmroth,MEUR/GW,2045,Fixed Cost|Electricity|Nuclear,106.5
205,DolAmroth,MEUR/GW,2045,Fixed Cost|Electricity|Ocean,25.75
206,DolAmroth,MEUR/GW,2045,Fixed Cost|Electricity|Oil|w/o CCS,6.06
207,DolAmroth,MEUR/GW,2045,Fixed Cost|Electricity|Solar|CSP,156.579
208,DolAmroth,MEUR/GW,2045,Fixed Cost|Electricity|Solar|PV|Rooftop|Commercial,4.75
209,DolAmroth,MEUR/GW,2045,Fixed Cost|Electricity|Solar|PV|Rooftop|Residential,4.75
210,DolAmroth,MEUR/GW,2045,Fixed Cost|Electricity|Solar|PV|Utility,4.04
211,DolAmroth,MEUR/GW,2045,Fixed Cost|Electricity|Wind|Offshore,31.333333333333332
212,DolAmroth,MEUR/GW,2045,Fixed Cost|Electricity|Wind|Onshore,18.3
213,DolAmroth,MEUR/GW,2045,Fixed Cost|Heat|Industrial|Biomass,62.685333333333325
214,DolAmroth,MEUR/GW,2045,Fixed Cost|Heat|Industrial|Coal,61.63
215,DolAmroth,MEUR/GW,2045,Fixed Cost|Heat|Industrial|Electricity,62.9805357075
216,DolAmroth,MEUR/GW,2045,Fixed Cost|Heat|Industrial|Gas,52.62459493600001
217,DolAmroth,MEUR/GW,2045,Fixed Cost|Heat|Industrial|Geothermal,133.525
218,DolAmroth,MEUR/GW,2045,Fixed Cost|Heat|Industrial|Hydrogen,47.42542858
219,DolAmroth,MEUR/GW,2045,Fixed Cost|Heat|Industrial|Oil,10.5175
220,DolAmroth,MEUR/GW,2045,Fixed Cost|Heat|Industrial|Solar,27.055
221,DolAmroth,MEUR/GW,2045,Fixed Cost|Heat|Residential and Commercial|Biomass,71.75
222,DolAmroth,MEUR/GW,2045,Fixed Cost|Heat|Residential and Commercial|Coal,63.0
223,DolAmroth,MEUR/GW,2045,Fixed Cost|Heat|Residential and Commercial|Electricity,21.866666666666664
224,DolAmroth,MEUR/GW,2045,Fixed Cost|Heat|Residential and Commercial|Gas,6.825
225,DolAmroth,MEUR/GW,2045,Fixed Cost|Heat|Residential and Commercial|Geothermal,133.525
226,DolAmroth,MEUR/GW,2045,Fixed Cost|Heat|Residential and Commercial|Oil,17.325
227,DolAmroth,MEUR/GW,2045,Fixed Cost|Heat|Residential and Commercial|Solar,27.055
228,DolAmroth,MEUR/GW,2050,Fixed Cost|Electricity|Battery|Lithium-Ion,0.28
229,DolAmroth,MEUR/GW,2050,Fixed Cost|Electricity|Battery|Redox Flow,6.2
230,DolAmroth,MEUR/GW,2050,Fixed Cost|Electricity|Biomass|w/ CCS,61.4
231,DolAmroth,MEUR/GW,2050,Fixed Cost|Electricity|Biomass|w/o CCS,32.9
232,DolAmroth,MEUR/GW,2050,Fixed Cost|Electricity|Coal|Hard coal|w/ CCS,63.75
233,DolAmroth,MEUR/GW,2050,Fixed Cost|Electricity|Coal|Hard coal|w/o CCS,36.233333333333334
234,DolAmroth,MEUR/GW,2050,Fixed Cost|Electricity|Coal|Lignite|w/ CCS,87.5
235,DolAmroth,MEUR/GW,2050,Fixed Cost|Electricity|Coal|Lignite|w/o CCS,42.916666666666664
236,DolAmroth,MEUR/GW,2050,Fixed Cost|Electricity|Compressed Air,5.85
237,DolAmroth,MEUR/GW,2050,Fixed Cost|Electricity|Gas|CCGT|w/ CCS,37.5
238,DolAmroth,MEUR/GW,2050,Fixed Cost|Electricity|Geothermal,80.0
239,DolAmroth,MEUR/GW,2050,Fixed Cost|Electricity|Hydro|Pumped Storage,22.5
240,DolAmroth,MEUR/GW,2050,Fixed Cost|Electricity|Hydro|Reservoir,49.5
241,DolAmroth,MEUR/GW,2050,Fixed Cost|Electricity|Hydro|Run of River,76.8
242,DolAmroth,MEUR/GW,2050,Fixed Cost|Electricity|Nuclear,105.0
243,DolAmroth,MEUR/GW,2050,Fixed Cost|Electricity|Ocean,23.5
244,DolAmroth,MEUR/GW,2050,Fixed Cost|Electricity|Oil|w/o CCS,5.91
245,DolAmroth,MEUR/GW,2050,Fixed Cost|Electricity|Solar|CSP,152.76
246,DolAmroth,MEUR/GW,2050,Fixed Cost|Electricity|Solar|PV|Rooftop|Commercial,4.36
247,DolAmroth,MEUR/GW,2050,Fixed Cost|Electricity|Solar|PV|Rooftop|Residential,4.36
248,DolAmroth,MEUR/GW,2050,Fixed Cost|Electricity|Solar|PV|Utility,3.7000000000000006
249,DolAmroth,MEUR/GW,2050,Fixed Cost|Electricity|Wind|Offshore,31.0
250,DolAmroth,MEUR/GW,2050,Fixed Cost|Electricity|Wind|Onshore,18.0
251,DolAmroth,MEUR/GW,2050,Fixed Cost|Heat|Industrial|Biomass,61.51866666666666
252,DolAmroth,MEUR/GW,2050,Fixed Cost|Heat|Industrial|Coal,61.57666666666666
253,DolAmroth,MEUR/GW,2050,Fixed Cost|Heat|Industrial|Electricity,58.44375
254,DolAmroth,MEUR/GW,2050,Fixed Cost|Heat|Industrial|Gas,47.958272728
255,DolAmroth,MEUR/GW,2050,Fixed Cost|Heat|Industrial|Geothermal,126.35
256,DolAmroth,MEUR/GW,2050,Fixed Cost|Heat|Industrial|Hydrogen,45.439
257,DolAmroth,MEUR/GW,2050,Fixed Cost|Heat|Industrial|Oil,10.5175
258,DolAmroth,MEUR/GW,2050,Fixed Cost|Heat|Industrial|Solar,27.055
259,DolAmroth,MEUR/GW,2050,Fixed Cost|Heat|Residential and Commercial|Biomass,68.25
260,DolAmroth,MEUR/GW,2050,Fixed Cost|Heat|Residential and Commercial|Coal,63.0
261,DolAmroth,MEUR/GW,2050,Fixed Cost|Heat|Residential and Commercial|Electricity,21.483333333333334
262,DolAmroth,MEUR/GW,2050,Fixed Cost|Heat|Residential and Commercial|Gas,6.825
263,DolAmroth,MEUR/GW,2050,Fixed Cost|Heat|Residential and Commercial|Geothermal,126.35
264,DolAmroth,MEUR/GW,2050,Fixed Cost|Heat|Residential and Commercial|Oil,17.325
265,DolAmroth,MEUR/GW,2050,Fixed Cost|Heat|Residential and Commercial|Solar,27.055
266,Gondor,MEUR/GW,2018,Fixed Cost|Electricity|Battery|Lithium-Ion,0.686
267,Gondor,MEUR/GW,2018,Fixed Cost|Electricity|Battery|Redox Flow,24.8
268,Gondor,MEUR/GW,2018,Fixed Cost|Electricity|Biomass|w/ CCS,81.5
269,Gondor,MEUR/GW,2018,Fixed Cost|Electricity|Biomass|w/o CCS,47.2
270,Gondor,MEUR/GW,2018,Fixed Cost|Electricity|Coal|Hard coal|w/ CCS,83.75
271,Gondor,MEUR/GW,2018,Fixed Cost|Electricity|Coal|Hard coal|w/o CCS,42.9
272,Gondor,MEUR/GW,2018,Fixed Cost|Electricity|Coal|Lignite|w/ CCS,87.5
273,Gondor,MEUR/GW,2018,Fixed Cost|Electricity|Coal|Lignite|w/o CCS,48.25
274,Gondor,MEUR/GW,2018,Fixed Cost|Electricity|Compressed Air,7.8
275,Gondor,MEUR/GW,2018,Fixed Cost|Electricity|Gas|CCGT|w/ CCS,37.5
276,Gondor,MEUR/GW,2018,Fixed Cost|Electricity|Geothermal,80.0
277,Gondor,MEUR/GW,2018,Fixed Cost|Electricity|Hydro|Pumped Storage,22.5
278,Gondor,MEUR/GW,2018,Fixed Cost|Electricity|Hydro|Reservoir,49.5
279,Gondor,MEUR/GW,2018,Fixed Cost|Electricity|Hydro|Run of River,76.8
280,Gondor,MEUR/GW,2018,Fixed Cost|Electricity|Nuclear,120.0
281,Gondor,MEUR/GW,2018,Fixed Cost|Electricity|Ocean,39.6
282,Gondor,MEUR/GW,2018,Fixed Cost|Electricity|Oil|w/o CCS,6.96
283,Gondor,MEUR/GW,2018,Fixed Cost|Electricity|Solar|CSP,193.496
284,Gondor,MEUR/GW,2018,Fixed Cost|Electricity|Solar|PV|Rooftop|Commercial,9.13
285,Gondor,MEUR/GW,2018,Fixed Cost|Electricity|Solar|PV|Rooftop|Residential,9.13
286,Gondor,MEUR/GW,2018,Fixed Cost|Electricity|Solar|PV|Utility,7.760000000000001
287,Gondor,MEUR/GW,2018,Fixed Cost|Electricity|Wind|Offshore,43.333333333333336
288,Gondor,MEUR/GW,2018,Fixed Cost|Electricity|Wind|Onshore,23.0
289,Gondor,MEUR/GW,2018,Fixed Cost|Heat|Industrial|Biomass,72.48533333333333
290,Gondor,MEUR/GW,2018,Fixed Cost|Heat|Industrial|Coal,61.949999999999996
291,Gondor,MEUR/GW,2018,Fixed Cost|Heat|Industrial|Electricity,90.20125
292,Gondor,MEUR/GW,2018,Fixed Cost|Heat|Industrial|Gas,80.583461538
293,Gondor,MEUR/GW,2018,Fixed Cost|Heat|Industrial|Geothermal,183.75
294,Gondor,MEUR/GW,2018,Fixed Cost|Heat|Industrial|Hydrogen,68.969
295,Gondor,MEUR/GW,2018,Fixed Cost|Heat|Industrial|Oil,10.5175
296,Gondor,MEUR/GW,2018,Fixed Cost|Heat|Industrial|Solar,27.055
297,Gondor,MEUR/GW,2018,Fixed Cost|Heat|Residential and Commercial|Biomass,101.15
298,Gondor,MEUR/GW,2018,Fixed Cost|Heat|Residential and Commercial|Coal,63.0
299,Gondor,MEUR/GW,2018,Fixed Cost|Heat|Residential and Commercial|Electricity,30.0
300,Gondor,MEUR/GW,2018,Fixed Cost|Heat|Residential and Commercial|Gas,6.825
301,Gondor,MEUR/GW,2018,Fixed Cost|Heat|Residential and Commercial|Geothermal,183.75
302,Gondor,MEUR/GW,2018,Fixed Cost|Heat|Residential and Commercial|Oil,17.325
303,Gondor,MEUR/GW,2018,Fixed Cost|Heat|Residential and Commercial|Solar,27.055
304,Gondor,MEUR/GW,2025,Fixed Cost|Electricity|Battery|Lithium-Ion,0.31
305,Gondor,MEUR/GW,2025,Fixed Cost|Electricity|Battery|Redox Flow,15.4
306,Gondor,MEUR/GW,2025,Fixed Cost|Electricity|Biomass|w/ CCS,75.3
307,Gondor,MEUR/GW,2025,Fixed Cost|Electricity|Biomass|w/o CCS,44.6
308,Gondor,MEUR/GW,2025,Fixed Cost|Electricity|Coal|Hard coal|w/ CCS,78.03571429
309,Gondor,MEUR/GW,2025,Fixed Cost|Electricity|Coal|Hard coal|w/o CCS,41.233333333333334
310,Gondor,MEUR/GW,2025,Fixed Cost|Electricity|Coal|Lignite|w/ CCS,87.5
311,Gondor,MEUR/GW,2025,Fixed Cost|Electricity|Coal|Lignite|w/o CCS,46.583333333333336
312,Gondor,MEUR/GW,2025,Fixed Cost|Electricity|Compressed Air,7.345
313,Gondor,MEUR/GW,2025,Fixed Cost|Electricity|Gas|CCGT|w/ CCS,37.5
314,Gondor,MEUR/GW,2025,Fixed Cost|Electricity|Geothermal,80.0
315,Gondor,MEUR/GW,2025,Fixed Cost|Electricity|Hydro|Pumped Storage,22.5
316,Gondor,MEUR/GW,2025,Fixed Cost|Electricity|Hydro|Reservoir,49.5
317,Gondor,MEUR/GW,2025,Fixed Cost|Electricity|Hydro|Run of River,76.8
318,Gondor,MEUR/GW,2025,Fixed Cost|Electricity|Nuclear,117.5
319,Gondor,MEUR/GW,2025,Fixed Cost|Electricity|Ocean,36.45
320,Gondor,MEUR/GW,2025,Fixed Cost|Electricity|Oil|w/o CCS,6.66
321,Gondor,MEUR/GW,2025,Fixed Cost|Electricity|Solar|CSP,183.312
322,Gondor,MEUR/GW,2025,Fixed Cost|Electricity|Solar|PV|Rooftop|Commercial,7.66
323,Gondor,MEUR/GW,2025,Fixed Cost|Electricity|Solar|PV|Rooftop|Residential,7.66
324,Gondor,MEUR/GW,2025,Fixed Cost|Electricity|Solar|PV|Utility,6.510000000000001
325,Gondor,MEUR/GW,2025,Fixed Cost|Electricity|Wind|Offshore,38.5
326,Gondor,MEUR/GW,2025,Fixed Cost|Electricity|Wind|Onshore,21.2
327,Gondor,MEUR/GW,2025,Fixed Cost|Heat|Industrial|Biomass,67.877
328,Gondor,MEUR/GW,2025,Fixed Cost|Heat|Industrial|Coal,61.843333333333334
329,Gondor,MEUR/GW,2025,Fixed Cost|Heat|Industrial|Electricity,81.12767856
330,Gondor,MEUR/GW,2025,Fixed Cost|Heat|Industrial|Gas,71.270425288
331,Gondor,MEUR/GW,2025,Fixed Cost|Heat|Industrial|Geothermal,165.2
332,Gondor,MEUR/GW,2025,Fixed Cost|Heat|Industrial|Hydrogen,57.576142860000004
333,Gondor,MEUR/GW,2025,Fixed Cost|Heat|Industrial|Oil,10.5175
334,Gondor,MEUR/GW,2025,Fixed Cost|Heat|Industrial|Solar,27.055
335,Gondor,MEUR/GW,2025,Fixed Cost|Heat|Residential and Commercial|Biomass,87.325
336,Gondor,MEUR/GW,2025,Fixed Cost|Heat|Residential and Commercial|Coal,63.0
337,Gondor,MEUR/GW,2025,Fixed Cost|Heat|Residential and Commercial|Electricity,26.141666666666666
338,Gondor,MEUR/GW,2025,Fixed Cost|Heat|Residential and Commercial|Gas,6.825
339,Gondor,MEUR/GW,2025,Fixed Cost|Heat|Residential and Commercial|Geothermal,165.2
340,Gondor,MEUR/GW,2025,Fixed Cost|Heat|Residential and Commercial|Oil,17.325
341,Gondor,MEUR/GW,2025,Fixed Cost|Heat|Residential and Commercial|Solar,27.055
342,Gondor,MEUR/GW,2030,Fixed Cost|Electricity|Battery|Lithium-Ion,0.28
343,Gondor,MEUR/GW,2030,Fixed Cost|Electricity|Battery|Redox Flow,14.6
344,Gondor,MEUR/GW,2030,Fixed Cost|Electricity|Biomass|w/ CCS,69.1
345,Gondor,MEUR/GW,2030,Fixed Cost|Electricity|Biomass|w/o CCS,41.9
346,Gondor,MEUR/GW,2030,Fixed Cost|Electricity|Coal|Hard coal|w/ CCS,75.17857143
347,Gondor,MEUR/GW,2030,Fixed Cost|Electricity|Coal|Hard coal|w/o CCS,39.56666666666667
348,Gondor,MEUR/GW,2030,Fixed Cost|Electricity|Coal|Lignite|w/ CCS,87.5
349,Gondor,MEUR/GW,2030,Fixed Cost|Electricity|Coal|Lignite|w/o CCS,44.916666666666664
350,Gondor,MEUR/GW,2030,Fixed Cost|Electricity|Compressed Air,6.89
351,Gondor,MEUR/GW,2030,Fixed Cost|Electricity|Gas|CCGT|w/ CCS,37.5
352,Gondor,MEUR/GW,2030,Fixed Cost|Electricity|Geothermal,80.0
353,Gondor,MEUR/GW,2030,Fixed Cost|Electricity|Hydro|Pumped Storage,22.5
354,Gondor,MEUR/GW,2030,Fixed Cost|Electricity|Hydro|Reservoir,49.5
355,Gondor,MEUR/GW,2030,Fixed Cost|Electricity|Hydro|Run of River,76.8
356,Gondor,MEUR/GW,2030,Fixed Cost|Electricity|Nuclear,115.0
357,Gondor,MEUR/GW,2030,Fixed Cost|Electricity|Ocean,33.3
358,Gondor,MEUR/GW,2030,Fixed Cost|Electricity|Oil|w/o CCS,6.51
359,Gondor,MEUR/GW,2030,Fixed Cost|Electricity|Solar|CSP,178.22
360,Gondor,MEUR/GW,2030,Fixed Cost|Electricity|Solar|PV|Rooftop|Commercial,6.66
361,Gondor,MEUR/GW,2030,Fixed Cost|Electricity|Solar|PV|Rooftop|Residential,6.66
362,Gondor,MEUR/GW,2030,Fixed Cost|Electricity|Solar|PV|Utility,5.66
363,Gondor,MEUR/GW,2030,Fixed Cost|Electricity|Wind|Offshore,33.666666666666664
364,Gondor,MEUR/GW,2030,Fixed Cost|Electricity|Wind|Onshore,20.0
365,Gondor,MEUR/GW,2030,Fixed Cost|Heat|Industrial|Biomass,66.41866666666667
366,Gondor,MEUR/GW,2030,Fixed Cost|Heat|Industrial|Coal,61.79
367,Gondor,MEUR/GW,2030,Fixed Cost|Heat|Industrial|Electricity,76.59089285249999
368,Gondor,MEUR/GW,2030,Fixed Cost|Heat|Industrial|Gas,66.611611764
369,Gondor,MEUR/GW,2030,Fixed Cost|Heat|Industrial|Geothermal,156.45
370,Gondor,MEUR/GW,2030,Fixed Cost|Heat|Industrial|Hydrogen,53.94471428000001
371,Gondor,MEUR/GW,2030,Fixed Cost|Heat|Industrial|Oil,10.5175
372,Gondor,MEUR/GW,2030,Fixed Cost|Heat|Industrial|Solar,27.055
373,Gondor,MEUR/GW,2030,Fixed Cost|Heat|Residential and Commercial|Biomass,82.95
374,Gondor,MEUR/GW,2030,Fixed Cost|Heat|Residential and Commercial|Coal,63.0
375,Gondor,MEUR/GW,2030,Fixed Cost|Heat|Residential and Commercial|Electricity,23.016666666666666
376,Gondor,MEUR/GW,2030,Fixed Cost|Heat|Residential and Commercial|Gas,6.825
377,Gondor,MEUR/GW,2030,Fixed Cost|Heat|Residential and Commercial|Geothermal,156.45
378,Gondor,MEUR/GW,2030,Fixed Cost|Heat|Residential and Commercial|Oil,17.325
379,Gondor,MEUR/GW,2030,Fixed Cost|Heat|Residential and Commercial|Solar,27.055
380,Gondor,MEUR/GW,2035,Fixed Cost|Electricity|Battery|Lithium-Ion,0.28
381,Gondor,MEUR/GW,2035,Fixed Cost|Electricity|Battery|Redox Flow,10.4
382,Gondor,MEUR/GW,2035,Fixed Cost|Electricity|Biomass|w/ CCS,66.05
383,Gondor,MEUR/GW,2035,Fixed Cost|Electricity|Biomass|w/o CCS,39.5
384,Gondor,MEUR/GW,2035,Fixed Cost|Electricity|Coal|Hard coal|w/ CCS,72.32142857
385,Gondor,MEUR/GW,2035,Fixed Cost|Electricity|Coal|Hard coal|w/o CCS,38.233333333333334
386,Gondor,MEUR/GW,2035,Fixed Cost|Electricity|Coal|Lignite|w/ CCS,87.5
387,Gondor,MEUR/GW,2035,Fixed Cost|Electricity|Coal|Lignite|w/o CCS,43.916666666666664
388,Gondor,MEUR/GW,2035,Fixed Cost|Electricity|Compressed Air,6.76
389,Gondor,MEUR/GW,2035,Fixed Cost|Electricity|Gas|CCGT|w/ CCS,37.5
390,Gondor,MEUR/GW,2035,Fixed Cost|Electricity|Geothermal,80.0
391,Gondor,MEUR/GW,2035,Fixed Cost|Electricity|Hydro|Pumped Storage,22.5
392,Gondor,MEUR/GW,2035,Fixed Cost|Electricity|Hydro|Reservoir,49.5
393,Gondor,MEUR/GW,2035,Fixed Cost|Electricity|Hydro|Run of River,76.8
394,Gondor,MEUR/GW,2035,Fixed Cost|Electricity|Nuclear,111.5
395,Gondor,MEUR/GW,2035,Fixed Cost|Electricity|Ocean,30.65
396,Gondor,MEUR/GW,2035,Fixed Cost|Electricity|Oil|w/o CCS,6.36
397,Gondor,MEUR/GW,2035,Fixed Cost|Electricity|Solar|CSP,170.582
398,Gondor,MEUR/GW,2035,Fixed Cost|Electricity|Solar|PV|Rooftop|Commercial,5.88
399,Gondor,MEUR/GW,2035,Fixed Cost|Electricity|Solar|PV|Rooftop|Residential,5.88
400,Gondor,MEUR/GW,2035,Fixed Cost|Electricity|Solar|PV|Utility,5.0
401,Gondor,MEUR/GW,2035,Fixed Cost|Electricity|Wind|Offshore,32.666666666666664
402,Gondor,MEUR/GW,2035,Fixed Cost|Electricity|Wind|Onshore,19.3
403,Gondor,MEUR/GW,2035,Fixed Cost|Heat|Industrial|Biomass,65.13533333333332
404,Gondor,MEUR/GW,2035,Fixed Cost|Heat|Industrial|Coal,61.73666666666667
405,Gondor,MEUR/GW,2035,Fixed Cost|Heat|Industrial|Electricity,72.0541071475
406,Gondor,MEUR/GW,2035,Fixed Cost|Heat|Industrial|Gas,61.951120482
407,Gondor,MEUR/GW,2035,Fixed Cost|Heat|Industrial|Geothermal,148.575
408,Gondor,MEUR/GW,2035,Fixed Cost|Heat|Industrial|Hydrogen,51.67828572
409,Gondor,MEUR/GW,2035,Fixed Cost|Heat|Industrial|Oil,10.5175
410,Gondor,MEUR/GW,2035,Fixed Cost|Heat|Industrial|Solar,27.055
411,Gondor,MEUR/GW,2035,Fixed Cost|Heat|Residential and Commercial|Biomass,79.1
412,Gondor,MEUR/GW,2035,Fixed Cost|Heat|Residential and Commercial|Coal,63.0
413,Gondor,MEUR/GW,2035,Fixed Cost|Heat|Residential and Commercial|Electricity,22.633333333333336
414,Gondor,MEUR/GW,2035,Fixed Cost|Heat|Residential and Commercial|Gas,6.825
415,Gondor,MEUR/GW,2035,Fixed Cost|Heat|Residential and Commercial|Geothermal,148.575
416,Gondor,MEUR/GW,2035,Fixed Cost|Heat|Residential and Commercial|Oil,17.325
417,Gondor,MEUR/GW,2035,Fixed Cost|Heat|Residential and Commercial|Solar,27.055
418,Gondor,MEUR/GW,2040,Fixed Cost|Electricity|Battery|Lithium-Ion,0.28
419,Gondor,MEUR/GW,2040,Fixed Cost|Electricity|Battery|Redox Flow,6.2
420,Gondor,MEUR/GW,2040,Fixed Cost|Electricity|Biomass|w/ CCS,63.0
421,Gondor,MEUR/GW,2040,Fixed Cost|Electricity|Biomass|w/o CCS,37.1
422,Gondor,MEUR/GW,2040,Fixed Cost|Electricity|Coal|Hard coal|w/ CCS,69.46428571
423,Gondor,MEUR/GW,2040,Fixed Cost|Electricity|Coal|Hard coal|w/o CCS,36.9
424,Gondor,MEUR/GW,2040,Fixed Cost|Electricity|Coal|Lignite|w/ CCS,87.5
425,Gondor,MEUR/GW,2040,Fixed Cost|Electricity|Coal|Lignite|w/o CCS,42.916666666666664
426,Gondor,MEUR/GW,2040,Fixed Cost|Electricity|Compressed Air,6.63
427,Gondor,MEUR/GW,2040,Fixed Cost|Electricity|Gas|CCGT|w/ CCS,37.5
428,Gondor,MEUR/GW,2040,Fixed Cost|Electricity|Geothermal,80.0
429,Gondor,MEUR/GW,2040,Fixed Cost|Electricity|Hydro|Pumped Storage,22.5
430,Gondor,MEUR/GW,2040,Fixed Cost|Electricity|Hydro|Reservoir,49.5
431,Gondor,MEUR/GW,2040,Fixed Cost|Electricity|Hydro|Run of River,76.8
432,Gondor,MEUR/GW,2040,Fixed Cost|Electricity|Nuclear,108.0
433,Gondor,MEUR/GW,2040,Fixed Cost|Electricity|Ocean,28.0
434,Gondor,MEUR/GW,2040,Fixed Cost|Electricity|Oil|w/o CCS,6.21
435,Gondor,MEUR/GW,2040,Fixed Cost|Electricity|Solar|CSP,162.944
436,Gondor,MEUR/GW,2040,Fixed Cost|Electricity|Solar|PV|Rooftop|Commercial,5.26
437,Gondor,MEUR/GW,2040,Fixed Cost|Electricity|Solar|PV|Rooftop|Residential,5.26
438,Gondor,MEUR/GW,2040,Fixed Cost|Electricity|Solar|PV|Utility,4.47
439,Gondor,MEUR/GW,2040,Fixed Cost|Electricity|Wind|Offshore,31.666666666666668
440,Gondor,MEUR/GW,2040,Fixed Cost|Electricity|Wind|Onshore,18.8
441,Gondor,MEUR/GW,2040,Fixed Cost|Heat|Industrial|Biomass,63.852
442,Gondor,MEUR/GW,2040,Fixed Cost|Heat|Industrial|Coal,61.68333333333334
443,Gondor,MEUR/GW,2040,Fixed Cost|Heat|Industrial|Electricity,67.51732144
444,Gondor,MEUR/GW,2040,Fixed Cost|Heat|Industrial|Gas,57.28882716
445,Gondor,MEUR/GW,2040,Fixed Cost|Heat|Industrial|Geothermal,140.7
446,Gondor,MEUR/GW,2040,Fixed Cost|Heat|Industrial|Hydrogen,49.41185714
447,Gondor,MEUR/GW,2040,Fixed Cost|Heat|Industrial|Oil,10.5175
448,Gondor,MEUR/GW,2040,Fixed Cost|Heat|Industrial|Solar,27.055
449,Gondor,MEUR/GW,2040,Fixed Cost|Heat|Residential and Commercial|Biomass,75.25
450,Gondor,MEUR/GW,2040,Fixed Cost|Heat|Residential and Commercial|Coal,63.0
451,Gondor,MEUR/GW,2040,Fixed Cost|Heat|Residential and Commercial|Electricity,22.25
452,Gondor,MEUR/GW,2040,Fixed Cost|Heat|Residential and Commercial|Gas,6.825
453,Gondor,MEUR/GW,2040,Fixed Cost|Heat|Residential and Commercial|Geothermal,140.7
454,Gondor,MEUR/GW,2040,Fixed Cost|Heat|Residential and Commercial|Oil,17.325
455,Gondor,MEUR/GW,2040,Fixed Cost|Heat|Residential and Commercial|Solar,27.055
456,Gondor,MEUR/GW,2045,Fixed Cost|Electricity|Battery|Lithium-Ion,0.28
457,Gondor,MEUR/GW,2045,Fixed Cost|Electricity|Battery|Redox Flow,6.2
458,Gondor,MEUR/GW,2045,Fixed Cost|Electricity|Biomass|w/ CCS,62.2
459,Gondor,MEUR/GW,2045,Fixed Cost|Electricity|Biomass|w/o CCS,35.0
460,Gondor,MEUR/GW,2045,Fixed Cost|Electricity|Coal|Hard coal|w/ CCS,66.60714286
461,Gondor,MEUR/GW,2045,Fixed Cost|Electricity|Coal|Hard coal|w/o CCS,36.56666666666667
462,Gondor,MEUR/GW,2045,Fixed Cost|Electricity|Coal|Lignite|w/ CCS,87.5
463,Gondor,MEUR/GW,2045,Fixed Cost|Electricity|Coal|Lignite|w/o CCS,42.916666666666664
464,Gondor,MEUR/GW,2045,Fixed Cost|Electricity|Compressed Air,6.24
465,Gondor,MEUR/GW,2045,Fixed Cost|Electricity|Gas|CCGT|w/ CCS,37.5
466,Gondor,MEUR/GW,2045,Fixed Cost|Electricity|Geothermal,80.0
467,Gondor,MEUR/GW,2045,Fixed Cost|Electricity|Hydro|Pumped Storage,22.5
468,Gondor,MEUR/GW,2045,Fixed Cost|Electricity|Hydro|Reservoir,49.5
469,Gondor,MEUR/GW,2045,Fixed Cost|Electricity|Hydro|Run of River,76.8
470,Gondor,MEUR/GW,2045,Fixed Cost|Electricity|Nuclear,106.5
471,Gondor,MEUR/GW,2045,Fixed Cost|Electricity|Ocean,25.75
472,Gondor,MEUR/GW,2045,Fixed Cost|Electricity|Oil|w/o CCS,6.06
473,Gondor,MEUR/GW,2045,Fixed Cost|Electricity|Solar|CSP,156.579
474,Gondor,MEUR/GW,2045,Fixed Cost|Electricity|Solar|PV|Rooftop|Commercial,4.75
475,Gondor,MEUR/GW,2045,Fixed Cost|Electricity|Solar|PV|Rooftop|Residential,4.75
476,Gondor,MEUR/GW,2045,Fixed Cost|Electricity|Solar|PV|Utility,4.04
477,Gondor,MEUR/GW,2045,Fixed Cost|Electricity|Wind|Offshore,31.333333333333332
478,Gondor,MEUR/GW,2045,Fixed Cost|Electricity|Wind|Onshore,18.3
479,Gondor,MEUR/GW,2045,Fixed Cost|Heat|Industrial|Biomass,62.685333333333325
480,Gondor,MEUR/GW,2045,Fixed Cost|Heat|Industrial|Coal,61.63
481,Gondor,MEUR/GW,2045,Fixed Cost|Heat|Industrial|Electricity,62.9805357075
482,Gondor,MEUR/GW,2045,Fixed Cost|Heat|Industrial|Gas,52.62459493600001
483,Gondor,MEUR/GW,2045,Fixed Cost|Heat|Industrial|Geothermal,133.525
484,Gondor,MEUR/GW,2045,Fixed Cost|Heat|Industrial|Hydrogen,47.42542858
485,Gondor,MEUR/GW,2045,Fixed Cost|Heat|Industrial|Oil,10.5175
486,Gondor,MEUR/GW,2045,Fixed Cost|Heat|Industrial|Solar,27.055
487,Gondor,MEUR/GW,2045,Fixed Cost|Heat|Residential and Commercial|Biomass,71.75
488,Gondor,MEUR/GW,2045,Fixed Cost|Heat|Residential and Commercial|Coal,63.0
489,Gondor,MEUR/GW,2045,Fixed Cost|Heat|Residential and Commercial|Electricity,21.866666666666664
490,Gondor,MEUR/GW,2045,Fixed Cost|Heat|Residential and Commercial|Gas,6.825
491,Gondor,MEUR/GW,2045,Fixed Cost|Heat|Residential and Commercial|Geothermal,133.525
492,Gondor,MEUR/GW,2045,Fixed Cost|Heat|Residential and Commercial|Oil,17.325
493,Gondor,MEUR/GW,2045,Fixed Cost|Heat|Residential and Commercial|Solar,27.055
494,Gondor,MEUR/GW,2050,Fixed Cost|Electricity|Battery|Lithium-Ion,0.28
495,Gondor,MEUR/GW,2050,Fixed Cost|Electricity|Battery|Redox Flow,6.2
496,Gondor,MEUR/GW,2050,Fixed Cost|Electricity|Biomass|w/ CCS,61.4
497,Gondor,MEUR/GW,2050,Fixed Cost|Electricity|Biomass|w/o CCS,32.9
498,Gondor,MEUR/GW,2050,Fixed Cost|Electricity|Coal|Hard coal|w/ CCS,63.75
499,Gondor,MEUR/GW,2050,Fixed Cost|Electricity|Coal|Hard coal|w/o CCS,36.233333333333334
500,Gondor,MEUR/GW,2050,Fixed Cost|Electricity|Coal|Lignite|w/ CCS,87.5
501,Gondor,MEUR/GW,2050,Fixed Cost|Electricity|Coal|Lignite|w/o CCS,42.916666666666664
502,Gondor,MEUR/GW,2050,Fixed Cost|Electricity|Compressed Air,5.85
503,Gondor,MEUR/GW,2050,Fixed Cost|Electricity|Gas|CCGT|w/ CCS,37.5
504,Gondor,MEUR/GW,2050,Fixed Cost|Electricity|Geothermal,80.0
505,Gondor,MEUR/GW,2050,Fixed Cost|Electricity|Hydro|Pumped Storage,22.5
506,Gondor,MEUR/GW,2050,Fixed Cost|Electricity|Hydro|Reservoir,49.5
507,Gondor,MEUR/GW,2050,Fixed Cost|Electricity|Hydro|Run of River,76.8
508,Gondor,MEUR/GW,2050,Fixed Cost|Electricity|Nuclear,105.0
509,Gondor,MEUR/GW,2050,Fixed Cost|Electricity|Ocean,23.5
510,Gondor,MEUR/GW,2050,Fixed Cost|Electricity|Oil|w/o CCS,5.91
511,Gondor,MEUR/GW,2050,Fixed Cost|Electricity|Solar|CSP,152.76
512,Gondor,MEUR/GW,2050,Fixed Cost|Electricity|Solar|PV|Rooftop|Commercial,4.36
513,Gondor,MEUR/GW,2050,Fixed Cost|Electricity|Solar|PV|Rooftop|Residential,4.36
514,Gondor,MEUR/GW,2050,Fixed Cost|Electricity|Solar|PV|Utility,3.7000000000000006
515,Gondor,MEUR/GW,2050,Fixed Cost|Electricity|Wind|Offshore,31.0
516,Gondor,MEUR/GW,2050,Fixed Cost|Electricity|Wind|Onshore,18.0
517,Gondor,MEUR/GW,2050,Fixed Cost|Heat|Industrial|Biomass,61.51866666666666
518,Gondor,MEUR/GW,2050,Fixed Cost|Heat|Industrial|Coal,61.57666666666666
519,Gondor,MEUR/GW,2050,Fixed Cost|Heat|Industrial|Electricity,58.44375
520,Gondor,MEUR/GW,2050,Fixed Cost|Heat|Industrial|Gas,47.958272728
521,Gondor,MEUR/GW,2050,Fixed Cost|Heat|Industrial|Geothermal,126.35
522,Gondor,MEUR/GW,2050,Fixed Cost|Heat|Industrial|Hydrogen,45.439
523,Gondor,MEUR/GW,2050,Fixed Cost|Heat|Industrial|Oil,10.5175
524,Gondor,MEUR/GW,2050,Fixed Cost|Heat|Industrial|Solar,27.055
525,Gondor,MEUR/GW,2050,Fixed Cost|Heat|Residential and Commercial|Biomass,68.25
526,Gondor,MEUR/GW,2050,Fixed Cost|Heat|Residential and Commercial|Coal,63.0
527,Gondor,MEUR/GW,2050,Fixed Cost|Heat|Residential and Commercial|Electricity,21.483333333333334
528,Gondor,MEUR/GW,2050,Fixed Cost|Heat|Residential and Commercial|Gas,6.825
529,Gondor,MEUR/GW,2050,Fixed Cost|Heat|Residential and Commercial|Geothermal,126.35
530,Gondor,MEUR/GW,2050,Fixed Cost|Heat|Residential and Commercial|Oil,17.325
531,Gondor,MEUR/GW,2050,Fixed Cost|Heat|Residential and Commercial|Solar,27.055
532,Harad,MEUR/GW,2018,Fixed Cost|Electricity|Battery|Lithium-Ion,0.686
533,Harad,MEUR/GW,2018,Fixed Cost|Electricity|Battery|Redox Flow,24.8
534,Harad,MEUR/GW,2018,Fixed Cost|Electricity|Biomass|w/ CCS,81.5
535,Harad,MEUR/GW,2018,Fixed Cost|Electricity|Biomass|w/o CCS,47.2
536,Harad,MEUR/GW,2018,Fixed Cost|Electricity|Coal|Hard coal|w/ CCS,83.75
537,Harad,MEUR/GW,2018,Fixed Cost|Electricity|Coal|Hard coal|w/o CCS,42.9
538,Harad,MEUR/GW,2018,Fixed Cost|Electricity|Coal|Lignite|w/ CCS,87.5
539,Harad,MEUR/GW,2018,Fixed Cost|Electricity|Coal|Lignite|w/o CCS,48.25
540,Harad,MEUR/GW,2018,Fixed Cost|Electricity|Compressed Air,7.8
541,Harad,MEUR/GW,2018,Fixed Cost|Electricity|Gas|CCGT|w/ CCS,37.5
542,Harad,MEUR/GW,2018,Fixed Cost|Electricity|Geothermal,80.0
543,Harad,MEUR/GW,2018,Fixed Cost|Electricity|Hydro|Pumped Storage,22.5
544,Harad,MEUR/GW,2018,Fixed Cost|Electricity|Hydro|Reservoir,49.5
545,Harad,MEUR/GW,2018,Fixed Cost|Electricity|Hydro|Run of River,76.8
546,Harad,MEUR/GW,2018,Fixed Cost|Electricity|Nuclear,120.0
547,Harad,MEUR/GW,2018,Fixed Cost|Electricity|Ocean,39.6
548,Harad,MEUR/GW,2018,Fixed Cost|Electricity|Oil|w/o CCS,6.96
549,Harad,MEUR/GW,2018,Fixed Cost|Electricity|Solar|CSP,193.496
550,Harad,MEUR/GW,2018,Fixed Cost|Electricity|Solar|PV|Rooftop|Commercial,9.13
551,Harad,MEUR/GW,2018,Fixed Cost|Electricity|Solar|PV|Rooftop|Residential,9.13
552,Harad,MEUR/GW,2018,Fixed Cost|Electricity|Solar|PV|Utility,7.760000000000001
553,Harad,MEUR/GW,2018,Fixed Cost|Electricity|Wind|Offshore,43.333333333333336
554,Harad,MEUR/GW,2018,Fixed Cost|Electricity|Wind|Onshore,23.0
555,Harad,MEUR/GW,2018,Fixed Cost|Heat|Industrial|Biomass,72.48533333333333
556,Harad,MEUR/GW,2018,Fixed Cost|Heat|Industrial|Coal,61.949999999999996
557,Harad,MEUR/GW,2018,Fixed Cost|Heat|Industrial|Electricity,90.20125
558,Harad,MEUR/GW,2018,Fixed Cost|Heat|Industrial|Gas,80.583461538
559,Harad,MEUR/GW,2018,Fixed Cost|Heat|Industrial|Geothermal,183.75
560,Harad,MEUR/GW,2018,Fixed Cost|Heat|Industrial|Hydrogen,68.969
561,Harad,MEUR/GW,2018,Fixed Cost|Heat|Industrial|Oil,10.5175
562,Harad,MEUR/GW,2018,Fixed Cost|Heat|Industrial|Solar,27.055
563,Harad,MEUR/GW,2018,Fixed Cost|Heat|Residential and Commercial|Biomass,101.15
564,Harad,MEUR/GW,2018,Fixed Cost|Heat|Residential and Commercial|Coal,63.0
565,Harad,MEUR/GW,2018,Fixed Cost|Heat|Residential and Commercial|Electricity,30.0
566,Harad,MEUR/GW,2018,Fixed Cost|Heat|Residential and Commercial|Gas,6.825
567,Harad,MEUR/GW,2018,Fixed Cost|Heat|Residential and Commercial|Geothermal,183.75
568,Harad,MEUR/GW,2018,Fixed Cost|Heat|Residential and Commercial|Oil,17.325
569,Harad,MEUR/GW,2018,Fixed Cost|Heat|Residential and Commercial|Solar,27.055
570,Harad,MEUR/GW,2025,Fixed Cost|Electricity|Battery|Lithium-Ion,0.31
571,Harad,MEUR/GW,2025,Fixed Cost|Electricity|Battery|Redox Flow,15.4
572,Harad,MEUR/GW,2025,Fixed Cost|Electricity|Biomass|w/ CCS,75.3
573,Harad,MEUR/GW,2025,Fixed Cost|Electricity|Biomass|w/o CCS,44.6
574,Harad,MEUR/GW,2025,Fixed Cost|Electricity|Coal|Hard coal|w/ CCS,78.03571429
575,Harad,MEUR/GW,2025,Fixed Cost|Electricity|Coal|Hard coal|w/o CCS,41.233333333333334
576,Harad,MEUR/GW,2025,Fixed Cost|Electricity|Coal|Lignite|w/ CCS,87.5
577,Harad,MEUR/GW,2025,Fixed Cost|Electricity|Coal|Lignite|w/o CCS,46.583333333333336
578,Harad,MEUR/GW,2025,Fixed Cost|Electricity|Compressed Air,7.345
579,Harad,MEUR/GW,2025,Fixed Cost|Electricity|Gas|CCGT|w/ CCS,37.5
580,Harad,MEUR/GW,2025,Fixed Cost|Electricity|Geothermal,80.0
581,Harad,MEUR/GW,2025,Fixed Cost|Electricity|Hydro|Pumped Storage,22.5
582,Harad,MEUR/GW,2025,Fixed Cost|Electricity|Hydro|Reservoir,49.5
583,Harad,MEUR/GW,2025,Fixed Cost|Electricity|Hydro|Run of River,76.8
584,Harad,MEUR/GW,2025,Fixed Cost|Electricity|Nuclear,117.5
585,Harad,MEUR/GW,2025,Fixed Cost|Electricity|Ocean,36.45
586,Harad,MEUR/GW,2025,Fixed Cost|Electricity|Oil|w/o CCS,6.66
587,Harad,MEUR/GW,2025,Fixed Cost|Electricity|Solar|CSP,183.312
588,Harad,MEUR/GW,2025,Fixed Cost|Electricity|Solar|PV|Rooftop|Commercial,7.66
589,Harad,MEUR/GW,2025,Fixed Cost|Electricity|Solar|PV|Rooftop|Residential,7.66
590,Harad,MEUR/GW,2025,Fixed Cost|Electricity|Solar|PV|Utility,6.510000000000001
591,Harad,MEUR/GW,2025,Fixed Cost|Electricity|Wind|Offshore,38.5
592,Harad,MEUR/GW,2025,Fixed Cost|Electricity|Wind|Onshore,21.2
593,Harad,MEUR/GW,2025,Fixed Cost|Heat|Industrial|Biomass,67.877
594,Harad,MEUR/GW,2025,Fixed Cost|Heat|Industrial|Coal,61.843333333333334
595,Harad,MEUR/GW,2025,Fixed Cost|Heat|Industrial|Electricity,81.12767856
596,Harad,MEUR/GW,2025,Fixed Cost|Heat|Industrial|Gas,71.270425288
597,Harad,MEUR/GW,2025,Fixed Cost|Heat|Industrial|Geothermal,165.2
598,Harad,MEUR/GW,2025,Fixed Cost|Heat|Industrial|Hydrogen,57.576142860000004
599,Harad,MEUR/GW,2025,Fixed Cost|Heat|Industrial|Oil,10.5175
600,Harad,MEUR/GW,2025,Fixed Cost|Heat|Industrial|Solar,27.055
601,Harad,MEUR/GW,2025,Fixed Cost|Heat|Residential and Commercial|Biomass,87.325
602,Harad,MEUR/GW,2025,Fixed Cost|Heat|Residential and Commercial|Coal,63.0
603,Harad,MEUR/GW,2025,Fixed Cost|Heat|Residential and Commercial|Electricity,26.141666666666666
604,Harad,MEUR/GW,2025,Fixed Cost|Heat|Residential and Commercial|Gas,6.825
605,Harad,MEUR/GW,2025,Fixed Cost|Heat|Residential and Commercial|Geothermal,165.2
606,Harad,MEUR/GW,2025,Fixed Cost|Heat|Residential and Commercial|Oil,17.325
607,Harad,MEUR/GW,2025,Fixed Cost|Heat|Residential and Commercial|Solar,27.055
608,Harad,MEUR/GW,2030,Fixed Cost|Electricity|Battery|Lithium-Ion,0.28
609,Harad,MEUR/GW,2030,Fixed Cost|Electricity|Battery|Redox Flow,14.6
610,Harad,MEUR/GW,2030,Fixed Cost|Electricity|Biomass|w/ CCS,69.1
611,Harad,MEUR/GW,2030,Fixed Cost|Electricity|Biomass|w/o CCS,41.9
612,Harad,MEUR/GW,2030,Fixed Cost|Electricity|Coal|Hard coal|w/ CCS,75.17857143
613,Harad,MEUR/GW,2030,Fixed Cost|Electricity|Coal|Hard coal|w/o CCS,39.56666666666667
614,Harad,MEUR/GW,2030,Fixed Cost|Electricity|Coal|Lignite|w/ CCS,87.5
615,Harad,MEUR/GW,2030,Fixed Cost|Electricity|Coal|Lignite|w/o CCS,44.916666666666664
616,Harad,MEUR/GW,2030,Fixed Cost|Electricity|Compressed Air,6.89
617,Harad,MEUR/GW,2030,Fixed Cost|Electricity|Gas|CCGT|w/ CCS,37.5
618,Harad,MEUR/GW,2030,Fixed Cost|Electricity|Geothermal,80.0
619,Harad,MEUR/GW,2030,Fixed Cost|Electricity|Hydro|Pumped Storage,22.5
620,Harad,MEUR/GW,2030,Fixed Cost|Electricity|Hydro|Reservoir,49.5
621,Harad,MEUR/GW,2030,Fixed Cost|Electricity|Hydro|Run of River,76.8
622,Harad,MEUR/GW,2030,Fixed Cost|Electricity|Nuclear,115.0
623,Harad,MEUR/GW,2030,Fixed Cost|Electricity|Ocean,33.3
624,Harad,MEUR/GW,2030,Fixed Cost|Electricity|Oil|w/o CCS,6.51
625,Harad,MEUR/GW,2030,Fixed Cost|Electricity|Solar|CSP,178.22
626,Harad,MEUR/GW,2030,Fixed Cost|Electricity|Solar|PV|Rooftop|Commercial,6.66
627,Harad,MEUR/GW,2030,Fixed Cost|Electricity|Solar|PV|Rooftop|Residential,6.66
628,Harad,MEUR/GW,2030,Fixed Cost|Electricity|Solar|PV|Utility,5.66
629,Harad,MEUR/GW,2030,Fixed Cost|Electricity|Wind|Offshore,33.666666666666664
630,Harad,MEUR/GW,2030,Fixed Cost|Electricity|Wind|Onshore,20.0
631,Harad,MEUR/GW,2030,Fixed Cost|Heat|Industrial|Biomass,66.41866666666667
632,Harad,MEUR/GW,2030,Fixed Cost|Heat|Industrial|Coal,61.79
633,Harad,MEUR/GW,2030,Fixed Cost|Heat|Industrial|Electricity,76.59089285249999
634,Harad,MEUR/GW,2030,Fixed Cost|Heat|Industrial|Gas,66.611611764
635,Harad,MEUR/GW,2030,Fixed Cost|Heat|Industrial|Geothermal,156.45
636,Harad,MEUR/GW,2030,Fixed Cost|Heat|Industrial|Hydrogen,53.94471428000001
637,Harad,MEUR/GW,2030,Fixed Cost|Heat|Industrial|Oil,10.5175
638,Harad,MEUR/GW,2030,Fixed Cost|Heat|Industrial|Solar,27.055
639,Harad,MEUR/GW,2030,Fixed Cost|Heat|Residential and Commercial|Biomass,82.95
640,Harad,MEUR/GW,2030,Fixed Cost|Heat|Residential and Commercial|Coal,63.0
641,Harad,MEUR/GW,2030,Fixed Cost|Heat|Residential and Commercial|Electricity,23.016666666666666
642,Harad,MEUR/GW,2030,Fixed Cost|Heat|Residential and Commercial|Gas,6.825
643,Harad,MEUR/GW,2030,Fixed Cost|Heat|Residential and Commercial|Geothermal,156.45
644,Harad,MEUR/GW,2030,Fixed Cost|Heat|Residential and Commercial|Oil,17.325
645,Harad,MEUR/GW,2030,Fixed Cost|Heat|Residential and Commercial|Solar,27.055
646,Harad,MEUR/GW,2035,Fixed Cost|Electricity|Battery|Lithium-Ion,0.28
647,Harad,MEUR/GW,2035,Fixed Cost|Electricity|Battery|Redox Flow,10.4
648,Harad,MEUR/GW,2035,Fixed Cost|Electricity|Biomass|w/ CCS,66.05
649,Harad,MEUR/GW,2035,Fixed Cost|Electricity|Biomass|w/o CCS,39.5
650,Harad,MEUR/GW,2035,Fixed Cost|Electricity|Coal|Hard coal|w/ CCS,72.32142857
651,Harad,MEUR/GW,2035,Fixed Cost|Electricity|Coal|Hard coal|w/o CCS,38.233333333333334
652,Harad,MEUR/GW,2035,Fixed Cost|Electricity|Coal|Lignite|w/ CCS,87.5
653,Harad,MEUR/GW,2035,Fixed Cost|Electricity|Coal|Lignite|w/o CCS,43.916666666666664
654,Harad,MEUR/GW,2035,Fixed Cost|Electricity|Compressed Air,6.76
655,Harad,MEUR/GW,2035,Fixed Cost|Electricity|Gas|CCGT|w/ CCS,37.5
656,Harad,MEUR/GW,2035,Fixed Cost|Electricity|Geothermal,80.0
657,Harad,MEUR/GW,2035,Fixed Cost|Electricity|Hydro|Pumped Storage,22.5
658,Harad,MEUR/GW,2035,Fixed Cost|Electricity|Hydro|Reservoir,49.5
659,Harad,MEUR/GW,2035,Fixed Cost|Electricity|Hydro|Run of River,76.8
660,Harad,MEUR/GW,2035,Fixed Cost|Electricity|Nuclear,111.5
661,Harad,MEUR/GW,2035,Fixed Cost|Electricity|Ocean,30.65
662,Harad,MEUR/GW,2035,Fixed Cost|Electricity|Oil|w/o CCS,6.36
663,Harad,MEUR/GW,2035,Fixed Cost|Electricity|Solar|CSP,170.582
664,Harad,MEUR/GW,2035,Fixed Cost|Electricity|Solar|PV|Rooftop|Commercial,5.88
665,Harad,MEUR/GW,2035,Fixed Cost|Electricity|Solar|PV|Rooftop|Residential,5.88
666,Harad,MEUR/GW,2035,Fixed Cost|Electricity|Solar|PV|Utility,5.0
667,Harad,MEUR/GW,2035,Fixed Cost|Electricity|Wind|Offshore,32.666666666666664
668,Harad,MEUR/GW,2035,Fixed Cost|Electricity|Wind|Onshore,19.3
669,Harad,MEUR/GW,2035,Fixed Cost|Heat|Industrial|Biomass,65.13533333333332
670,Harad,MEUR/GW,2035,Fixed Cost|Heat|Industrial|Coal,61.73666666666667
671,Harad,MEUR/GW,2035,Fixed Cost|Heat|Industrial|Electricity,72.0541071475
672,Harad,MEUR/GW,2035,Fixed Cost|Heat|Industrial|Gas,61.951120482
673,Harad,MEUR/GW,2035,Fixed Cost|Heat|Industrial|Geothermal,148.575
674,Harad,MEUR/GW,2035,Fixed Cost|Heat|Industrial|Hydrogen,51.67828572
675,Harad,MEUR/GW,2035,Fixed Cost|Heat|Industrial|Oil,10.5175
676,Harad,MEUR/GW,2035,Fixed Cost|Heat|Industrial|Solar,27.055
677,Harad,MEUR/GW,2035,Fixed Cost|Heat|Residential and Commercial|Biomass,79.1
678,Harad,MEUR/GW,2035,Fixed Cost|Heat|Residential and Commercial|Coal,63.0
679,Harad,MEUR/GW,2035,Fixed Cost|Heat|Residential and Commercial|Electricity,22.633333333333336
680,Harad,MEUR/GW,2035,Fixed Cost|Heat|Residential and Commercial|Gas,6.825
681,Harad,MEUR/GW,2035,Fixed Cost|Heat|Residential and Commercial|Geothermal,148.575
682,Harad,MEUR/GW,2035,Fixed Cost|Heat|Residential and Commercial|Oil,17.325
683,Harad,MEUR/GW,2035,Fixed Cost|Heat|Residential and Commercial|Solar,27.055
684,Harad,MEUR/GW,2040,Fixed Cost|Electricity|Battery|Lithium-Ion,0.28
685,Harad,MEUR/GW,2040,Fixed Cost|Electricity|Battery|Redox Flow,6.2
686,Harad,MEUR/GW,2040,Fixed Cost|Electricity|Biomass|w/ CCS,63.0
687,Harad,MEUR/GW,2040,Fixed Cost|Electricity|Biomass|w/o CCS,37.1
688,Harad,MEUR/GW,2040,Fixed Cost|Electricity|Coal|Hard coal|w/ CCS,69.46428571
689,Harad,MEUR/GW,2040,Fixed Cost|Electricity|Coal|Hard coal|w/o CCS,36.9
690,Harad,MEUR/GW,2040,Fixed Cost|Electricity|Coal|Lignite|w/ CCS,87.5
691,Harad,MEUR/GW,2040,Fixed Cost|Electricity|Coal|Lignite|w/o CCS,42.916666666666664
692,Harad,MEUR/GW,2040,Fixed Cost|Electricity|Compressed Air,6.63
693,Harad,MEUR/GW,2040,Fixed Cost|Electricity|Gas|CCGT|w/ CCS,37.5
694,Harad,MEUR/GW,2040,Fixed Cost|Electricity|Geothermal,80.0
695,Harad,MEUR/GW,2040,Fixed Cost|Electricity|Hydro|Pumped Storage,22.5
696,Harad,MEUR/GW,2040,Fixed Cost|Electricity|Hydro|Reservoir,49.5
697,Harad,MEUR/GW,2040,Fixed Cost|Electricity|Hydro|Run of River,76.8
698,Harad,MEUR/GW,2040,Fixed Cost|Electricity|Nuclear,108.0
699,Harad,MEUR/GW,2040,Fixed Cost|Electricity|Ocean,28.0
700,Harad,MEUR/GW,2040,Fixed Cost|Electricity|Oil|w/o CCS,6.21
701,Harad,MEUR/GW,2040,Fixed Cost|Electricity|Solar|CSP,162.944
702,Harad,MEUR/GW,2040,Fixed Cost|Electricity|Solar|PV|Rooftop|Commercial,5.26
703,Harad,MEUR/GW,2040,Fixed Cost|Electricity|Solar|PV|Rooftop|Residential,5.26
704,Harad,MEUR/GW,2040,Fixed Cost|Electricity|Solar|PV|Utility,4.47
705,Harad,MEUR/GW,2040,Fixed Cost|Electricity|Wind|Offshore,31.666666666666668
706,Harad,MEUR/GW,2040,Fixed Cost|Electricity|Wind|Onshore,18.8
707,Harad,MEUR/GW,2040,Fixed Cost|Heat|Industrial|Biomass,63.852
708,Harad,MEUR/GW,2040,Fixed Cost|Heat|Industrial|Coal,61.68333333333334
709,Harad,MEUR/GW,2040,Fixed Cost|Heat|Industrial|Electricity,67.51732144
710,Harad,MEUR/GW,2040,Fixed Cost|Heat|Industrial|Gas,57.28882716
711,Harad,MEUR/GW,2040,Fixed Cost|Heat|Industrial|Geothermal,140.7
712,Harad,MEUR/GW,2040,Fixed Cost|Heat|Industrial|Hydrogen,49.41185714
713,Harad,MEUR/GW,2040,Fixed Cost|Heat|Industrial|Oil,10.5175
714,Harad,MEUR/GW,2040,Fixed Cost|Heat|Industrial|Solar,27.055
715,Harad,MEUR/GW,2040,Fixed Cost|Heat|Residential and Commercial|Biomass,75.25
716,Harad,MEUR/GW,2040,Fixed Cost|Heat|Residential and Commercial|Coal,63.0
717,Harad,MEUR/GW,2040,Fixed Cost|Heat|Residential and Commercial|Electricity,22.25
718,Harad,MEUR/GW,2040,Fixed Cost|Heat|Residential and Commercial|Gas,6.825
719,Harad,MEUR/GW,2040,Fixed Cost|Heat|Residential and Commercial|Geothermal,140.7
720,Harad,MEUR/GW,2040,Fixed Cost|Heat|Residential and Commercial|Oil,17.325
721,Harad,MEUR/GW,2040,Fixed Cost|Heat|Residential and Commercial|Solar,27.055
722,Harad,MEUR/GW,2045,Fixed Cost|Electricity|Battery|Lithium-Ion,0.28
723,Harad,MEUR/GW,2045,Fixed Cost|Electricity|Battery|Redox Flow,6.2
724,Harad,MEUR/GW,2045,Fixed Cost|Electricity|Biomass|w/ CCS,62.2
725,Harad,MEUR/GW,2045,Fixed Cost|Electricity|Biomass|w/o CCS,35.0
726,Harad,MEUR/GW,2045,Fixed Cost|Electricity|Coal|Hard coal|w/ CCS,66.60714286
727,Harad,MEUR/GW,2045,Fixed Cost|Electricity|Coal|Hard coal|w/o CCS,36.56666666666667
728,Harad,MEUR/GW,2045,Fixed Cost|Electricity|Coal|Lignite|w/ CCS,87.5
729,Harad,MEUR/GW,2045,Fixed Cost|Electricity|Coal|Lignite|w/o CCS,42.916666666666664
730,Harad,MEUR/GW,2045,Fixed Cost|Electricity|Compressed Air,6.24
731,Harad,MEUR/GW,2045,Fixed Cost|Electricity|Gas|CCGT|w/ CCS,37.5
732,Harad,MEUR/GW,2045,Fixed Cost|Electricity|Geothermal,80.0
733,Harad,MEUR/GW,2045,Fixed Cost|Electricity|Hydro|Pumped Storage,22.5
734,Harad,MEUR/GW,2045,Fixed Cost|Electricity|Hydro|Reservoir,49.5
735,Harad,MEUR/GW,2045,Fixed Cost|Electricity|Hydro|Run of River,76.8
736,Harad,MEUR/GW,2045,Fixed Cost|Electricity|Nuclear,106.5
737,Harad,MEUR/GW,2045,Fixed Cost|Electricity|Ocean,25.75
738,Harad,MEUR/GW,2045,Fixed Cost|Electricity|Oil|w/o CCS,6.06
739,Harad,MEUR/GW,2045,Fixed Cost|Electricity|Solar|CSP,156.579
740,Harad,MEUR/GW,2045,Fixed Cost|Electricity|Solar|PV|Rooftop|Commercial,4.75
741,Harad,MEUR/GW,2045,Fixed Cost|Electricity|Solar|PV|Rooftop|Residential,4.75
742,Harad,MEUR/GW,2045,Fixed Cost|Electricity|Solar|PV|Utility,4.04
743,Harad,MEUR/GW,2045,Fixed Cost|Electricity|Wind|Offshore,31.333333333333332
744,Harad,MEUR/GW,2045,Fixed Cost|Electricity|Wind|Onshore,18.3
745,Harad,MEUR/GW,2045,Fixed Cost|Heat|Industrial|Biomass,62.685333333333325
746,Harad,MEUR/GW,2045,Fixed Cost|Heat|Industrial|Coal,61.63
747,Harad,MEUR/GW,2045,Fixed Cost|Heat|Industrial|Electricity,62.9805357075
748,Harad,MEUR/GW,2045,Fixed Cost|Heat|Industrial|Gas,52.62459493600001
749,Harad,MEUR/GW,2045,Fixed Cost|Heat|Industrial|Geothermal,133.525
750,Harad,MEUR/GW,2045,Fixed Cost|Heat|Industrial|Hydrogen,47.42542858
751,Harad,MEUR/GW,2045,Fixed Cost|Heat|Industrial|Oil,10.5175
752,Harad,MEUR/GW,2045,Fixed Cost|Heat|Industrial|Solar,27.055
753,Harad,MEUR/GW,2045,Fixed Cost|Heat|Residential and Commercial|Biomass,71.75
754,Harad,MEUR/GW,2045,Fixed Cost|Heat|Residential and Commercial|Coal,63.0
755,Harad,MEUR/GW,2045,Fixed Cost|Heat|Residential and Commercial|Electricity,21.866666666666664
756,Harad,MEUR/GW,2045,Fixed Cost|Heat|Residential and Commercial|Gas,6.825
757,Harad,MEUR/GW,2045,Fixed Cost|Heat|Residential and Commercial|Geothermal,133.525
758,Harad,MEUR/GW,2045,Fixed Cost|Heat|Residential and Commercial|Oil,17.325
759,Harad,MEUR/GW,2045,Fixed Cost|Heat|Residential and Commercial|Solar,27.055
760,Harad,MEUR/GW,2050,Fixed Cost|Electricity|Battery|Lithium-Ion,0.28
761,Harad,MEUR/GW,2050,Fixed Cost|Electricity|Battery|Redox Flow,6.2
762,Harad,MEUR/GW,2050,Fixed Cost|Electricity|Biomass|w/ CCS,61.4
763,Harad,MEUR/GW,2050,Fixed Cost|Electricity|Biomass|w/o CCS,32.9
764,Harad,MEUR/GW,2050,Fixed Cost|Electricity|Coal|Hard coal|w/ CCS,63.75
765,Harad,MEUR/GW,2050,Fixed Cost|Electricity|Coal|Hard coal|w/o CCS,36.233333333333334
766,Harad,MEUR/GW,2050,Fixed Cost|Electricity|Coal|Lignite|w/ CCS,87.5
767,Harad,MEUR/GW,2050,Fixed Cost|Electricity|Coal|Lignite|w/o CCS,42.916666666666664
768,Harad,MEUR/GW,2050,Fixed Cost|Electricity|Compressed Air,5.85
769,Harad,MEUR/GW,2050,Fixed Cost|Electricity|Gas|CCGT|w/ CCS,37.5
770,Harad,MEUR/GW,2050,Fixed Cost|Electricity|Geothermal,80.0
771,Harad,MEUR/GW,2050,Fixed Cost|Electricity|Hydro|Pumped Storage,22.5
772,Harad,MEUR/GW,2050,Fixed Cost|Electricity|Hydro|Reservoir,49.5
773,Harad,MEUR/GW,2050,Fixed Cost|Electricity|Hydro|Run of River,76.8
774,Harad,MEUR/GW,2050,Fixed Cost|Electricity|Nuclear,105.0
775,Harad,MEUR/GW,2050,Fixed Cost|Electricity|Ocean,23.5
776,Harad,MEUR/GW,2050,Fixed Cost|Electricity|Oil|w/o CCS,5.91
777,Harad,MEUR/GW,2050,Fixed Cost|Electricity|Solar|CSP,152.76
778,Harad,MEUR/GW,2050,Fixed Cost|Electricity|Solar|PV|Rooftop|Commercial,4.36
779,Harad,MEUR/GW,2050,Fixed Cost|Electricity|Solar|PV|Rooftop|Residential,4.36
780,Harad,MEUR/GW,2050,Fixed Cost|Electricity|Solar|PV|Utility,3.7000000000000006
781,Harad,MEUR/GW,2050,Fixed Cost|Electricity|Wind|Offshore,31.0
782,Harad,MEUR/GW,2050,Fixed Cost|Electricity|Wind|Onshore,18.0
783,Harad,MEUR/GW,2050,Fixed Cost|Heat|Industrial|Biomass,61.51866666666666
784,Harad,MEUR/GW,2050,Fixed Cost|Heat|Industrial|Coal,61.57666666666666
785,Harad,MEUR/GW,2050,Fixed Cost|Heat|Industrial|Electricity,58.44375
786,Harad,MEUR/GW,2050,Fixed Cost|Heat|Industrial|Gas,47.958272728
787,Harad,MEUR/GW,2050,Fixed Cost|Heat|Industrial|Geothermal,126.35
788,Harad,MEUR/GW,2050,Fixed Cost|Heat|Industrial|Hydrogen,45.439
789,Harad,MEUR/GW,2050,Fixed Cost|Heat|Industrial|Oil,10.5175
790,Harad,MEUR/GW,2050,Fixed Cost|Heat|Industrial|Solar,27.055
791,Harad,MEUR/GW,2050,Fixed Cost|Heat|Residential and Commercial|Biomass,68.25
792,Harad,MEUR/GW,2050,Fixed Cost|Heat|Residential and Commercial|Coal,63.0
793,Harad,MEUR/GW,2050,Fixed Cost|Heat|Residential and Commercial|Electricity,21.483333333333334
794,Harad,MEUR/GW,2050,Fixed Cost|Heat|Residential and Commercial|Gas,6.825
795,Harad,MEUR/GW,2050,Fixed Cost|Heat|Residential and Commercial|Geothermal,126.35
796,Harad,MEUR/GW,2050,Fixed Cost|Heat|Residential and Commercial|Oil,17.325
797,Harad,MEUR/GW,2050,Fixed Cost|Heat|Residential and Commercial|Solar,27.055
798,Mordor,MEUR/GW,2018,Fixed Cost|Electricity|Battery|Lithium-Ion,0.686
799,Mordor,MEUR/GW,2018,Fixed Cost|Electricity|Battery|Redox Flow,24.8
800,Mordor,MEUR/GW,2018,Fixed Cost|Electricity|Biomass|w/ CCS,81.5
801,Mordor,MEUR/GW,2018,Fixed Cost|Electricity|Biomass|w/o CCS,47.2
802,Mordor,MEUR/GW,2018,Fixed Cost|Electricity|Coal|Hard coal|w/ CCS,83.75
803,Mordor,MEUR/GW,2018,Fixed Cost|Electricity|Coal|Hard coal|w/o CCS,42.9
804,Mordor,MEUR/GW,2018,Fixed Cost|Electricity|Coal|Lignite|w/ CCS,87.5
805,Mordor,MEUR/GW,2018,Fixed Cost|Electricity|Coal|Lignite|w/o CCS,48.25
806,Mordor,MEUR/GW,2018,Fixed Cost|Electricity|Compressed Air,7.8
807,Mordor,MEUR/GW,2018,Fixed Cost|Electricity|Gas|CCGT|w/ CCS,37.5
808,Mordor,MEUR/GW,2018,Fixed Cost|Electricity|Geothermal,80.0
809,Mordor,MEUR/GW,2018,Fixed Cost|Electricity|Hydro|Pumped Storage,22.5
810,Mordor,MEUR/GW,2018,Fixed Cost|Electricity|Hydro|Reservoir,49.5
811,Mordor,MEUR/GW,2018,Fixed Cost|Electricity|Hydro|Run of River,76.8
812,Mordor,MEUR/GW,2018,Fixed Cost|Electricity|Nuclear,120.0
813,Mordor,MEUR/GW,2018,Fixed Cost|Electricity|Ocean,39.6
814,Mordor,MEUR/GW,2018,Fixed Cost|Electricity|Oil|w/o CCS,6.96
815,Mordor,MEUR/GW,2018,Fixed Cost|Electricity|Solar|CSP,193.496
816,Mordor,MEUR/GW,2018,Fixed Cost|Electricity|Solar|PV|Rooftop|Commercial,9.13
817,Mordor,MEUR/GW,2018,Fixed Cost|Electricity|Solar|PV|Rooftop|Residential,9.13
818,Mordor,MEUR/GW,2018,Fixed Cost|Electricity|Solar|PV|Utility,7.760000000000001
819,Mordor,MEUR/GW,2018,Fixed Cost|Electricity|Wind|Offshore,43.333333333333336
820,Mordor,MEUR/GW,2018,Fixed Cost|Electricity|Wind|Onshore,23.0
821,Mordor,MEUR/GW,2018,Fixed Cost|Heat|Industrial|Biomass,72.48533333333333
822,Mordor,MEUR/GW,2018,Fixed Cost|Heat|Industrial|Coal,61.949999999999996
823,Mordor,MEUR/GW,2018,Fixed Cost|Heat|Industrial|Electricity,90.20125
824,Mordor,MEUR/GW,2018,Fixed Cost|Heat|Industrial|Gas,80.583461538
825,Mordor,MEUR/GW,2018,Fixed Cost|Heat|Industrial|Geothermal,183.75
826,Mordor,MEUR/GW,2018,Fixed Cost|Heat|Industrial|Hydrogen,68.969
827,Mordor,MEUR/GW,2018,Fixed Cost|Heat|Industrial|Oil,10.5175
828,Mordor,MEUR/GW,2018,Fixed Cost|Heat|Industrial|Solar,27.055
829,Mordor,MEUR/GW,2018,Fixed Cost|Heat|Residential and Commercial|Biomass,101.15
830,Mordor,MEUR/GW,2018,Fixed Cost|Heat|Residential and Commercial|Coal,63.0
831,Mordor,MEUR/GW,2018,Fixed Cost|Heat|Residential and Commercial|Electricity,30.0
832,Mordor,MEUR/GW,2018,Fixed Cost|Heat|Residential and Commercial|Gas,6.825
833,Mordor,MEUR/GW,2018,Fixed Cost|Heat|Residential and Commercial|Geothermal,183.75
834,Mordor,MEUR/GW,2018,Fixed Cost|Heat|Residential and Commercial|Oil,17.325
835,Mordor,MEUR/GW,2018,Fixed Cost|Heat|Residential and Commercial|Solar,27.055
836,Mordor,MEUR/GW,2025,Fixed Cost|Electricity|Battery|Lithium-Ion,0.31
837,Mordor,MEUR/GW,2025,Fixed Cost|Electricity|Battery|Redox Flow,15.4
838,Mordor,MEUR/GW,2025,Fixed Cost|Electricity|Biomass|w/ CCS,75.3
839,Mordor,MEUR/GW,2025,Fixed Cost|Electricity|Biomass|w/o CCS,44.6
840,Mordor,MEUR/GW,2025,Fixed Cost|Electricity|Coal|Hard coal|w/ CCS,78.03571429
841,Mordor,MEUR/GW,2025,Fixed Cost|Electricity|Coal|Hard coal|w/o CCS,41.233333333333334
842,Mordor,MEUR/GW,2025,Fixed Cost|Electricity|Coal|Lignite|w/ CCS,87.5
843,Mordor,MEUR/GW,2025,Fixed Cost|Electricity|Coal|Lignite|w/o CCS,46.583333333333336
844,Mordor,MEUR/GW,2025,Fixed Cost|Electricity|Compressed Air,7.345
845,Mordor,MEUR/GW,2025,Fixed Cost|Electricity|Gas|CCGT|w/ CCS,37.5
846,Mordor,MEUR/GW,2025,Fixed Cost|Electricity|Geothermal,80.0
847,Mordor,MEUR/GW,2025,Fixed Cost|Electricity|Hydro|Pumped Storage,22.5
848,Mordor,MEUR/GW,2025,Fixed Cost|Electricity|Hydro|Reservoir,49.5
849,Mordor,MEUR/GW,2025,Fixed Cost|Electricity|Hydro|Run of River,76.8
850,Mordor,MEUR/GW,2025,Fixed Cost|Electricity|Nuclear,117.5
851,Mordor,MEUR/GW,2025,Fixed Cost|Electricity|Ocean,36.45
852,Mordor,MEUR/GW,2025,Fixed Cost|Electricity|Oil|w/o CCS,6.66
853,Mordor,MEUR/GW,2025,Fixed Cost|Electricity|Solar|CSP,183.312
854,Mordor,MEUR/GW,2025,Fixed Cost|Electricity|Solar|PV|Rooftop|Commercial,7.66
855,Mordor,MEUR/GW,2025,Fixed Cost|Electricity|Solar|PV|Rooftop|Residential,7.66
856,Mordor,MEUR/GW,2025,Fixed Cost|Electricity|Solar|PV|Utility,6.510000000000001
857,Mordor,MEUR/GW,2025,Fixed Cost|Electricity|Wind|Offshore,38.5
858,Mordor,MEUR/GW,2025,Fixed Cost|Electricity|Wind|Onshore,21.2
859,Mordor,MEUR/GW,2025,Fixed Cost|Heat|Industrial|Biomass,67.877
860,Mordor,MEUR/GW,2025,Fixed Cost|Heat|Industrial|Coal,61.843333333333334
861,Mordor,MEUR/GW,2025,Fixed Cost|Heat|Industrial|Electricity,81.12767856
862,Mordor,MEUR/GW,2025,Fixed Cost|Heat|Industrial|Gas,71.270425288
863,Mordor,MEUR/GW,2025,Fixed Cost|Heat|Industrial|Geothermal,165.2
864,Mordor,MEUR/GW,2025,Fixed Cost|Heat|Industrial|Hydrogen,57.576142860000004
865,Mordor,MEUR/GW,2025,Fixed Cost|Heat|Industrial|Oil,10.5175
866,Mordor,MEUR/GW,2025,Fixed Cost|Heat|Industrial|Solar,27.055
867,Mordor,MEUR/GW,2025,Fixed Cost|Heat|Residential and Commercial|Biomass,87.325
868,Mordor,MEUR/GW,2025,Fixed Cost|Heat|Residential and Commercial|Coal,63.0
869,Mordor,MEUR/GW,2025,Fixed Cost|Heat|Residential and Commercial|Electricity,26.141666666666666
870,Mordor,MEUR/GW,2025,Fixed Cost|Heat|Residential and Commercial|Gas,6.825
871,Mordor,MEUR/GW,2025,Fixed Cost|Heat|Residential and Commercial|Geothermal,165.2
872,Mordor,MEUR/GW,2025,Fixed Cost|Heat|Residential and Commercial|Oil,17.325
873,Mordor,MEUR/GW,2025,Fixed Cost|Heat|Residential and Commercial|Solar,27.055
874,Mordor,MEUR/GW,2030,Fixed Cost|Electricity|Battery|Lithium-Ion,0.28
875,Mordor,MEUR/GW,2030,Fixed Cost|Electricity|Battery|Redox Flow,14.6
876,Mordor,MEUR/GW,2030,Fixed Cost|Electricity|Biomass|w/ CCS,69.1
877,Mordor,MEUR/GW,2030,Fixed Cost|Electricity|Biomass|w/o CCS,41.9
878,Mordor,MEUR/GW,2030,Fixed Cost|Electricity|Coal|Hard coal|w/ CCS,75.17857143
879,Mordor,MEUR/GW,2030,Fixed Cost|Electricity|Coal|Hard coal|w/o CCS,39.56666666666667
880,Mordor,MEUR/GW,2030,Fixed Cost|Electricity|Coal|Lignite|w/ CCS,87.5
881,Mordor,MEUR/GW,2030,Fixed Cost|Electricity|Coal|Lignite|w/o CCS,44.916666666666664
882,Mordor,MEUR/GW,2030,Fixed Cost|Electricity|Compressed Air,6.89
883,Mordor,MEUR/GW,2030,Fixed Cost|Electricity|Gas|CCGT|w/ CCS,37.5
884,Mordor,MEUR/GW,2030,Fixed Cost|Electricity|Geothermal,80.0
885,Mordor,MEUR/GW,2030,Fixed Cost|Electricity|Hydro|Pumped Storage,22.5
886,Mordor,MEUR/GW,2030,Fixed Cost|Electricity|Hydro|Reservoir,49.5
887,Mordor,MEUR/GW,2030,Fixed Cost|Electricity|Hydro|Run of River,76.8
888,Mordor,MEUR/GW,2030,Fixed Cost|Electricity|Nuclear,115.0
889,Mordor,MEUR/GW,2030,Fixed Cost|Electricity|Ocean,33.3
890,Mordor,MEUR/GW,2030,Fixed Cost|Electricity|Oil|w/o CCS,6.51
891,Mordor,MEUR/GW,2030,Fixed Cost|Electricity|Solar|CSP,178.22
892,Mordor,MEUR/GW,2030,Fixed Cost|Electricity|Solar|PV|Rooftop|Commercial,6.66
893,Mordor,MEUR/GW,2030,Fixed Cost|Electricity|Solar|PV|Rooftop|Residential,6.66
894,Mordor,MEUR/GW,2030,Fixed Cost|Electricity|Solar|PV|Utility,5.66
895,Mordor,MEUR/GW,2030,Fixed Cost|Electricity|Wind|Offshore,33.666666666666664
896,Mordor,MEUR/GW,2030,Fixed Cost|Electricity|Wind|Onshore,20.0
897,Mordor,MEUR/GW,2030,Fixed Cost|Heat|Industrial|Biomass,66.41866666666667
898,Mordor,MEUR/GW,2030,Fixed Cost|Heat|Industrial|Coal,61.79
899,Mordor,MEUR/GW,2030,Fixed Cost|Heat|Industrial|Electricity,76.59089285249999
900,Mordor,MEUR/GW,2030,Fixed Cost|Heat|Industrial|Gas,66.611611764
901,Mordor,MEUR/GW,2030,Fixed Cost|Heat|Industrial|Geothermal,156.45
902,Mordor,MEUR/GW,2030,Fixed Cost|Heat|Industrial|Hydrogen,53.94471428000001
903,Mordor,MEUR/GW,2030,Fixed Cost|Heat|Industrial|Oil,10.5175
904,Mordor,MEUR/GW,2030,Fixed Cost|Heat|Industrial|Solar,27.055
905,Mordor,MEUR/GW,2030,Fixed Cost|Heat|Residential and Commercial|Biomass,82.95
906,Mordor,MEUR/GW,2030,Fixed Cost|Heat|Residential and Commercial|Coal,63.0
907,Mordor,MEUR/GW,2030,Fixed Cost|Heat|Residential and Commercial|Electricity,23.016666666666666
908,Mordor,MEUR/GW,2030,Fixed Cost|Heat|Residential and Commercial|Gas,6.825
909,Mordor,MEUR/GW,2030,Fixed Cost|Heat|Residential and Commercial|Geothermal,156.45
910,Mordor,MEUR/GW,2030,Fixed Cost|Heat|Residential and Commercial|Oil,17.325
911,Mordor,MEUR/GW,2030,Fixed Cost|Heat|Residential and Commercial|Solar,27.055
912,Mordor,MEUR/GW,2035,Fixed Cost|Electricity|Battery|Lithium-Ion,0.28
913,Mordor,MEUR/GW,2035,Fixed Cost|Electricity|Battery|Redox Flow,10.4
914,Mordor,MEUR/GW,2035,Fixed Cost|Electricity|Biomass|w/ CCS,66.05
915,Mordor,MEUR/GW,2035,Fixed Cost|Electricity|Biomass|w/o CCS,39.5
916,Mordor,MEUR/GW,2035,Fixed Cost|Electricity|Coal|Hard coal|w/ CCS,72.32142857
917,Mordor,MEUR/GW,2035,Fixed Cost|Electricity|Coal|Hard coal|w/o CCS,38.233333333333334
918,Mordor,MEUR/GW,2035,Fixed Cost|Electricity|Coal|Lignite|w/ CCS,87.5
919,Mordor,MEUR/GW,2035,Fixed Cost|Electricity|Coal|Lignite|w/o CCS,43.916666666666664
920,Mordor,MEUR/GW,2035,Fixed Cost|Electricity|Compressed Air,6.76
921,Mordor,MEUR/GW,2035,Fixed Cost|Electricity|Gas|CCGT|w/ CCS,37.5
922,Mordor,MEUR/GW,2035,Fixed Cost|Electricity|Geothermal,80.0
923,Mordor,MEUR/GW,2035,Fixed Cost|Electricity|Hydro|Pumped Storage,22.5
924,Mordor,MEUR/GW,2035,Fixed Cost|Electricity|Hydro|Reservoir,49.5
925,Mordor,MEUR/GW,2035,Fixed Cost|Electricity|Hydro|Run of River,76.8
926,Mordor,MEUR/GW,2035,Fixed Cost|Electricity|Nuclear,111.5
927,Mordor,MEUR/GW,2035,Fixed Cost|Electricity|Ocean,30.65
928,Mordor,MEUR/GW,2035,Fixed Cost|Electricity|Oil|w/o CCS,6.36
929,Mordor,MEUR/GW,2035,Fixed Cost|Electricity|Solar|CSP,170.582
930,Mordor,MEUR/GW,2035,Fixed Cost|Electricity|Solar|PV|Rooftop|Commercial,5.88
931,Mordor,MEUR/GW,2035,Fixed Cost|Electricity|Solar|PV|Rooftop|Residential,5.88
932,Mordor,MEUR/GW,2035,Fixed Cost|Electricity|Solar|PV|Utility,5.0
933,Mordor,MEUR/GW,2035,Fixed Cost|Electricity|Wind|Offshore,32.666666666666664
934,Mordor,MEUR/GW,2035,Fixed Cost|Electricity|Wind|Onshore,19.3
935,Mordor,MEUR/GW,2035,Fixed Cost|Heat|Industrial|Biomass,65.13533333333332
936,Mordor,MEUR/GW,2035,Fixed Cost|Heat|Industrial|Coal,61.73666666666667
937,Mordor,MEUR/GW,2035,Fixed Cost|Heat|Industrial|Electricity,72.0541071475
938,Mordor,MEUR/GW,2035,Fixed Cost|Heat|Industrial|Gas,61.951120482
939,Mordor,MEUR/GW,2035,Fixed Cost|Heat|Industrial|Geothermal,148.575
940,Mordor,MEUR/GW,2035,Fixed Cost|Heat|Industrial|Hydrogen,51.67828572
941,Mordor,MEUR/GW,2035,Fixed Cost|Heat|Industrial|Oil,10.5175
942,Mordor,MEUR/GW,2035,Fixed Cost|Heat|Industrial|Solar,27.055
943,Mordor,MEUR/GW,2035,Fixed Cost|Heat|Residential and Commercial|Biomass,79.1
944,Mordor,MEUR/GW,2035,Fixed Cost|Heat|Residential and Commercial|Coal,63.0
945,Mordor,MEUR/GW,2035,Fixed Cost|Heat|Residential and Commercial|Electricity,22.633333333333336
946,Mordor,MEUR/GW,2035,Fixed Cost|Heat|Residential and Commercial|Gas,6.825
947,Mordor,MEUR/GW,2035,Fixed Cost|Heat|Residential and Commercial|Geothermal,148.575
948,Mordor,MEUR/GW,2035,Fixed Cost|Heat|Residential and Commercial|Oil,17.325
949,Mordor,MEUR/GW,2035,Fixed Cost|Heat|Residential and Commercial|Solar,27.055
950,Mordor,MEUR/GW,2040,Fixed Cost|Electricity|Battery|Lithium-Ion,0.28
951,Mordor,MEUR/GW,2040,Fixed Cost|Electricity|Battery|Redox Flow,6.2
952,Mordor,MEUR/GW,2040,Fixed Cost|Electricity|Biomass|w/ CCS,63.0
953,Mordor,MEUR/GW,2040,Fixed Cost|Electricity|Biomass|w/o CCS,37.1
954,Mordor,MEUR/GW,2040,Fixed Cost|Electricity|Coal|Hard coal|w/ CCS,69.46428571
955,Mordor,MEUR/GW,2040,Fixed Cost|Electricity|Coal|Hard coal|w/o CCS,36.9
956,Mordor,MEUR/GW,2040,Fixed Cost|Electricity|Coal|Lignite|w/ CCS,87.5
957,Mordor,MEUR/GW,2040,Fixed Cost|Electricity|Coal|Lignite|w/o CCS,42.916666666666664
958,Mordor,MEUR/GW,2040,Fixed Cost|Electricity|Compressed Air,6.63
959,Mordor,MEUR/GW,2040,Fixed Cost|Electricity|Gas|CCGT|w/ CCS,37.5
960,Mordor,MEUR/GW,2040,Fixed Cost|Electricity|Geothermal,80.0
961,Mordor,MEUR/GW,2040,Fixed Cost|Electricity|Hydro|Pumped Storage,22.5
962,Mordor,MEUR/GW,2040,Fixed Cost|Electricity|Hydro|Reservoir,49.5
963,Mordor,MEUR/GW,2040,Fixed Cost|Electricity|Hydro|Run of River,76.8
964,Mordor,MEUR/GW,2040,Fixed Cost|Electricity|Nuclear,108.0
965,Mordor,MEUR/GW,2040,Fixed Cost|Electricity|Ocean,28.0
966,Mordor,MEUR/GW,2040,Fixed Cost|Electricity|Oil|w/o CCS,6.21
967,Mordor,MEUR/GW,2040,Fixed Cost|Electricity|Solar|CSP,162.944
968,Mordor,MEUR/GW,2040,Fixed Cost|Electricity|Solar|PV|Rooftop|Commercial,5.26
969,Mordor,MEUR/GW,2040,Fixed Cost|Electricity|Solar|PV|Rooftop|Residential,5.26
970,Mordor,MEUR/GW,2040,Fixed Cost|Electricity|Solar|PV|Utility,4.47
971,Mordor,MEUR/GW,2040,Fixed Cost|Electricity|Wind|Offshore,31.666666666666668
972,Mordor,MEUR/GW,2040,Fixed Cost|Electricity|Wind|Onshore,18.8
973,Mordor,MEUR/GW,2040,Fixed Cost|Heat|Industrial|Biomass,63.852
974,Mordor,MEUR/GW,2040,Fixed Cost|Heat|Industrial|Coal,61.68333333333334
975,Mordor,MEUR/GW,2040,Fixed Cost|Heat|Industrial|Electricity,67.51732144
976,Mordor,MEUR/GW,2040,Fixed Cost|Heat|Industrial|Gas,57.28882716
977,Mordor,MEUR/GW,2040,Fixed Cost|Heat|Industrial|Geothermal,140.7
978,Mordor,MEUR/GW,2040,Fixed Cost|Heat|Industrial|Hydrogen,49.41185714
979,Mordor,MEUR/GW,2040,Fixed Cost|Heat|Industrial|Oil,10.5175
980,Mordor,MEUR/GW,2040,Fixed Cost|Heat|Industrial|Solar,27.055
981,Mordor,MEUR/GW,2040,Fixed Cost|Heat|Residential and Commercial|Biomass,75.25
982,Mordor,MEUR/GW,2040,Fixed Cost|Heat|Residential and Commercial|Coal,63.0
983,Mordor,MEUR/GW,2040,Fixed Cost|Heat|Residential and Commercial|Electricity,22.25
984,Mordor,MEUR/GW,2040,Fixed Cost|Heat|Residential and Commercial|Gas,6.825
985,Mordor,MEUR/GW,2040,Fixed Cost|Heat|Residential and Commercial|Geothermal,140.7
986,Mordor,MEUR/GW,2040,Fixed Cost|Heat|Residential and Commercial|Oil,17.325
987,Mordor,MEUR/GW,2040,Fixed Cost|Heat|Residential and Commercial|Solar,27.055
988,Mordor,MEUR/GW,2045,Fixed Cost|Electricity|Battery|Lithium-Ion,0.28
989,Mordor,MEUR/GW,2045,Fixed Cost|Electricity|Battery|Redox Flow,6.2
990,Mordor,MEUR/GW,2045,Fixed Cost|Electricity|Biomass|w/ CCS,62.2
991,Mordor,MEUR/GW,2045,Fixed Cost|Electricity|Biomass|w/o CCS,35.0
992,Mordor,MEUR/GW,2045,Fixed Cost|Electricity|Coal|Hard coal|w/ CCS,66.60714286
993,Mordor,MEUR/GW,2045,Fixed Cost|Electricity|Coal|Hard coal|w/o CCS,36.56666666666667
994,Mordor,MEUR/GW,2045,Fixed Cost|Electricity|Coal|Lignite|w/ CCS,87.5
995,Mordor,MEUR/GW,2045,Fixed Cost|Electricity|Coal|Lignite|w/o CCS,42.916666666666664
996,Mordor,MEUR/GW,2045,Fixed Cost|Electricity|Compressed Air,6.24
997,Mordor,MEUR/GW,2045,Fixed Cost|Electricity|Gas|CCGT|w/ CCS,37.5
998,Mordor,MEUR/GW,2045,Fixed Cost|Electricity|Geothermal,80.0
999,Mordor,MEUR/GW,2045,Fixed Cost|Electricity|Hydro|Pumped Storage,22.5
1000,Mordor,MEUR/GW,2045,Fixed Cost|Electricity|Hydro|Reservoir,49.5
1001,Mordor,MEUR/GW,2045,Fixed Cost|Electricity|Hydro|Run of River,76.8
1002,Mordor,MEUR/GW,2045,Fixed Cost|Electricity|Nuclear,106.5
1003,Mordor,MEUR/GW,2045,Fixed Cost|Electricity|Ocean,25.75
1004,Mordor,MEUR/GW,2045,Fixed Cost|Electricity|Oil|w/o CCS,6.06
1005,Mordor,MEUR/GW,2045,Fixed Cost|Electricity|Solar|CSP,156.579
1006,Mordor,MEUR/GW,2045,Fixed Cost|Electricity|Solar|PV|Rooftop|Commercial,4.75
1007,Mordor,MEUR/GW,2045,Fixed Cost|Electricity|Solar|PV|Rooftop|Residential,4.75
1008,Mordor,MEUR/GW,2045,Fixed Cost|Electricity|Solar|PV|Utility,4.04
1009,Mordor,MEUR/GW,2045,Fixed Cost|Electricity|Wind|Offshore,31.333333333333332
1010,Mordor,MEUR/GW,2045,Fixed Cost|Electricity|Wind|Onshore,18.3
1011,Mordor,MEUR/GW,2045,Fixed Cost|Heat|Industrial|Biomass,62.685333333333325
1012,Mordor,MEUR/GW,2045,Fixed Cost|Heat|Industrial|Coal,61.63
1013,Mordor,MEUR/GW,2045,Fixed Cost|Heat|Industrial|Electricity,62.9805357075
1014,Mordor,MEUR/GW,2045,Fixed Cost|Heat|Industrial|Gas,52.62459493600001
1015,Mordor,MEUR/GW,2045,Fixed Cost|Heat|Industrial|Geothermal,133.525
1016,Mordor,MEUR/GW,2045,Fixed Cost|Heat|Industrial|Hydrogen,47.42542858
1017,Mordor,MEUR/GW,2045,Fixed Cost|Heat|Industrial|Oil,10.5175
1018,Mordor,MEUR/GW,2045,Fixed Cost|Heat|Industrial|Solar,27.055
1019,Mordor,MEUR/GW,2045,Fixed Cost|Heat|Residential and Commercial|Biomass,71.75
1020,Mordor,MEUR/GW,2045,Fixed Cost|Heat|Residential and Commercial|Coal,63.0
1021,Mordor,MEUR/GW,2045,Fixed Cost|Heat|Residential and Commercial|Electricity,21.866666666666664
1022,Mordor,MEUR/GW,2045,Fixed Cost|Heat|Residential and Commercial|Gas,6.825
1023,Mordor,MEUR/GW,2045,Fixed Cost|Heat|Residential and Commercial|Geothermal,133.525
1024,Mordor,MEUR/GW,2045,Fixed Cost|Heat|Residential and Commercial|Oil,17.325
1025,Mordor,MEUR/GW,2045,Fixed Cost|Heat|Residential and Commercial|Solar,27.055
1026,Mordor,MEUR/GW,2050,Fixed Cost|Electricity|Battery|Lithium-Ion,0.28
1027,Mordor,MEUR/GW,2050,Fixed Cost|Electricity|Battery|Redox Flow,6.2
1028,Mordor,MEUR/GW,2050,Fixed Cost|Electricity|Biomass|w/ CCS,61.4
1029,Mordor,MEUR/GW,2050,Fixed Cost|Electricity|Biomass|w/o CCS,32.9
1030,Mordor,MEUR/GW,2050,Fixed Cost|Electricity|Coal|Hard coal|w/ CCS,63.75
1031,Mordor,MEUR/GW,2050,Fixed Cost|Electricity|Coal|Hard coal|w/o CCS,36.233333333333334
1032,Mordor,MEUR/GW,2050,Fixed Cost|Electricity|Coal|Lignite|w/ CCS,87.5
1033,Mordor,MEUR/GW,2050,Fixed Cost|Electricity|Coal|Lignite|w/o CCS,42.916666666666664
1034,Mordor,MEUR/GW,2050,Fixed Cost|Electricity|Compressed Air,5.85
1035,Mordor,MEUR/GW,2050,Fixed Cost|Electricity|Gas|CCGT|w/ CCS,37.5
1036,Mordor,MEUR/GW,2050,Fixed Cost|Electricity|Geothermal,80.0
1037,Mordor,MEUR/GW,2050,Fixed Cost|Electricity|Hydro|Pumped Storage,22.5
1038,Mordor,MEUR/GW,2050,Fixed Cost|Electricity|Hydro|Reservoir,49.5
1039,Mordor,MEUR/GW,2050,Fixed Cost|Electricity|Hydro|Run of River,76.8
1040,Mordor,MEUR/GW,2050,Fixed Cost|Electricity|Nuclear,105.0
1041,Mordor,MEUR/GW,2050,Fixed Cost|Electricity|Ocean,23.5
1042,Mordor,MEUR/GW,2050,Fixed Cost|Electricity|Oil|w/o CCS,5.91
1043,Mordor,MEUR/GW,2050,Fixed Cost|Electricity|Solar|CSP,152.76
1044,Mordor,MEUR/GW,2050,Fixed Cost|Electricity|Solar|PV|Rooftop|Commercial,4.36
1045,Mordor,MEUR/GW,2050,Fixed Cost|Electricity|Solar|PV|Rooftop|Residential,4.36
1046,Mordor,MEUR/GW,2050,Fixed Cost|Electricity|Solar|PV|Utility,3.7000000000000006
1047,Mordor,MEUR/GW,2050,Fixed Cost|Electricity|Wind|Offshore,31.0
1048,Mordor,MEUR/GW,2050,Fixed Cost|Electricity|Wind|Onshore,18.0
1049,Mordor,MEUR/GW,2050,Fixed Cost|Heat|Industrial|Biomass,61.51866666666666
1050,Mordor,MEUR/GW,2050,Fixed Cost|Heat|Industrial|Coal,61.57666666666666
1051,Mordor,MEUR/GW,2050,Fixed Cost|Heat|Industrial|Electricity,58.44375
1052,Mordor,MEUR/GW,2050,Fixed Cost|Heat|Industrial|Gas,47.958272728
1053,Mordor,MEUR/GW,2050,Fixed Cost|Heat|Industrial|Geothermal,126.35
1054,Mordor,MEUR/GW,2050,Fixed Cost|Heat|Industrial|Hydrogen,45.439
1055,Mordor,MEUR/GW,2050,Fixed Cost|Heat|Industrial|Oil,10.5175
1056,Mordor,MEUR/GW,2050,Fixed Cost|Heat|Industrial|Solar,27.055
1057,Mordor,MEUR/GW,2050,Fixed Cost|Heat|Residential and Commercial|Biomass,68.25
1058,Mordor,MEUR/GW,2050,Fixed Cost|Heat|Residential and Commercial|Coal,63.0
1059,Mordor,MEUR/GW,2050,Fixed Cost|Heat|Residential and Commercial|Electricity,21.483333333333334
1060,Mordor,MEUR/GW,2050,Fixed Cost|Heat|Residential and Commercial|Gas,6.825
1061,Mordor,MEUR/GW,2050,Fixed Cost|Heat|Residential and Commercial|Geothermal,126.35
1062,Mordor,MEUR/GW,2050,Fixed Cost|Heat|Residential and Commercial|Oil,17.325
1063,Mordor,MEUR/GW,2050,Fixed Cost|Heat|Residential and Commercial|Solar,27.055
1064,Rohan,MEUR/GW,2018,Fixed Cost|Electricity|Battery|Lithium-Ion,0.686
1065,Rohan,MEUR/GW,2018,Fixed Cost|Electricity|Battery|Redox Flow,24.8
1066,Rohan,MEUR/GW,2018,Fixed Cost|Electricity|Biomass|w/ CCS,81.5
1067,Rohan,MEUR/GW,2018,Fixed Cost|Electricity|Biomass|w/o CCS,47.2
1068,Rohan,MEUR/GW,2018,Fixed Cost|Electricity|Coal|Hard coal|w/ CCS,83.75
1069,Rohan,MEUR/GW,2018,Fixed Cost|Electricity|Coal|Hard coal|w/o CCS,42.9
1070,Rohan,MEUR/GW,2018,Fixed Cost|Electricity|Coal|Lignite|w/ CCS,87.5
1071,Rohan,MEUR/GW,2018,Fixed Cost|Electricity|Coal|Lignite|w/o CCS,48.25
1072,Rohan,MEUR/GW,2018,Fixed Cost|Electricity|Compressed Air,7.8
1073,Rohan,MEUR/GW,2018,Fixed Cost|Electricity|Gas|CCGT|w/ CCS,37.5
1074,Rohan,MEUR/GW,2018,Fixed Cost|Electricity|Geothermal,80.0
1075,Rohan,MEUR/GW,2018,Fixed Cost|Electricity|Hydro|Pumped Storage,22.5
1076,Rohan,MEUR/GW,2018,Fixed Cost|Electricity|Hydro|Reservoir,49.5
1077,Rohan,MEUR/GW,2018,Fixed Cost|Electricity|Hydro|Run of River,76.8
1078,Rohan,MEUR/GW,2018,Fixed Cost|Electricity|Nuclear,120.0
1079,Rohan,MEUR/GW,2018,Fixed Cost|Electricity|Ocean,39.6
1080,Rohan,MEUR/GW,2018,Fixed Cost|Electricity|Oil|w/o CCS,6.96
1081,Rohan,MEUR/GW,2018,Fixed Cost|Electricity|Solar|CSP,193.496
1082,Rohan,MEUR/GW,2018,Fixed Cost|Electricity|Solar|PV|Rooftop|Commercial,9.13
1083,Rohan,MEUR/GW,2018,Fixed Cost|Electricity|Solar|PV|Rooftop|Residential,9.13
1084,Rohan,MEUR/GW,2018,Fixed Cost|Electricity|Solar|PV|Utility,7.760000000000001
1085,Rohan,MEUR/GW,2018,Fixed Cost|Electricity|Wind|Offshore,43.333333333333336
1086,Rohan,MEUR/GW,2018,Fixed Cost|Electricity|Wind|Onshore,23.0
1087,Rohan,MEUR/GW,2018,Fixed Cost|Heat|Industrial|Biomass,72.48533333333333
1088,Rohan,MEUR/GW,2018,Fixed Cost|Heat|Industrial|Coal,61.949999999999996
1089,Rohan,MEUR/GW,2018,Fixed Cost|Heat|Industrial|Electricity,90.20125
1090,Rohan,MEUR/GW,2018,Fixed Cost|Heat|Industrial|Gas,80.583461538
1091,Rohan,MEUR/GW,2018,Fixed Cost|Heat|Industrial|Geothermal,183.75
1092,Rohan,MEUR/GW,2018,Fixed Cost|Heat|Industrial|Hydrogen,68.969
1093,Rohan,MEUR/GW,2018,Fixed Cost|Heat|Industrial|Oil,10.5175
1094,Rohan,MEUR/GW,2018,Fixed Cost|Heat|Industrial|Solar,27.055
1095,Rohan,MEUR/GW,2018,Fixed Cost|Heat|Residential and Commercial|Biomass,101.15
1096,Rohan,MEUR/GW,2018,Fixed Cost|Heat|Residential and Commercial|Coal,63.0
1097,Rohan,MEUR/GW,2018,Fixed Cost|Heat|Residential and Commercial|Electricity,30.0
1098,Rohan,MEUR/GW,2018,Fixed Cost|Heat|Residential and Commercial|Gas,6.825
1099,Rohan,MEUR/GW,2018,Fixed Cost|Heat|Residential and Commercial|Geothermal,183.75
1100,Rohan,MEUR/GW,2018,Fixed Cost|Heat|Residential and Commercial|Oil,17.325
1101,Rohan,MEUR/GW,2018,Fixed Cost|Heat|Residential and Commercial|Solar,27.055
1102,Rohan,MEUR/GW,2025,Fixed Cost|Electricity|Battery|Lithium-Ion,0.31
1103,Rohan,MEUR/GW,2025,Fixed Cost|Electricity|Battery|Redox Flow,15.4
1104,Rohan,MEUR/GW,2025,Fixed Cost|Electricity|Biomass|w/ CCS,75.3
1105,Rohan,MEUR/GW,2025,Fixed Cost|Electricity|Biomass|w/o CCS,44.6
1106,Rohan,MEUR/GW,2025,Fixed Cost|Electricity|Coal|Hard coal|w/ CCS,78.03571429
1107,Rohan,MEUR/GW,2025,Fixed Cost|Electricity|Coal|Hard coal|w/o CCS,41.233333333333334
1108,Rohan,MEUR/GW,2025,Fixed Cost|Electricity|Coal|Lignite|w/ CCS,87.5
1109,Rohan,MEUR/GW,2025,Fixed Cost|Electricity|Coal|Lignite|w/o CCS,46.583333333333336
1110,Rohan,MEUR/GW,2025,Fixed Cost|Electricity|Compressed Air,7.345
1111,Rohan,MEUR/GW,2025,Fixed Cost|Electricity|Gas|CCGT|w/ CCS,37.5
1112,Rohan,MEUR/GW,2025,Fixed Cost|Electricity|Geothermal,80.0
1113,Rohan,MEUR/GW,2025,Fixed Cost|Electricity|Hydro|Pumped Storage,22.5
1114,Rohan,MEUR/GW,2025,Fixed Cost|Electricity|Hydro|Reservoir,49.5
1115,Rohan,MEUR/GW,2025,Fixed Cost|Electricity|Hydro|Run of River,76.8
1116,Rohan,MEUR/GW,2025,Fixed Cost|Electricity|Nuclear,117.5
1117,Rohan,MEUR/GW,2025,Fixed Cost|Electricity|Ocean,36.45
1118,Rohan,MEUR/GW,2025,Fixed Cost|Electricity|Oil|w/o CCS,6.66
1119,Rohan,MEUR/GW,2025,Fixed Cost|Electricity|Solar|CSP,183.312
1120,Rohan,MEUR/GW,2025,Fixed Cost|Electricity|Solar|PV|Rooftop|Commercial,7.66
1121,Rohan,MEUR/GW,2025,Fixed Cost|Electricity|Solar|PV|Rooftop|Residential,7.66
1122,Rohan,MEUR/GW,2025,Fixed Cost|Electricity|Solar|PV|Utility,6.510000000000001
1123,Rohan,MEUR/GW,2025,Fixed Cost|Electricity|Wind|Offshore,38.5
1124,Rohan,MEUR/GW,2025,Fixed Cost|Electricity|Wind|Onshore,21.2
1125,Rohan,MEUR/GW,2025,Fixed Cost|Heat|Industrial|Biomass,67.877
1126,Rohan,MEUR/GW,2025,Fixed Cost|Heat|Industrial|Coal,61.843333333333334
1127,Rohan,MEUR/GW,2025,Fixed Cost|Heat|Industrial|Electricity,81.12767856
1128,Rohan,MEUR/GW,2025,Fixed Cost|Heat|Industrial|Gas,71.270425288
1129,Rohan,MEUR/GW,2025,Fixed Cost|Heat|Industrial|Geothermal,165.2
1130,Rohan,MEUR/GW,2025,Fixed Cost|Heat|Industrial|Hydrogen,57.576142860000004
1131,Rohan,MEUR/GW,2025,Fixed Cost|Heat|Industrial|Oil,10.5175
1132,Rohan,MEUR/GW,2025,Fixed Cost|Heat|Industrial|Solar,27.055
1133,Rohan,MEUR/GW,2025,Fixed Cost|Heat|Residential and Commercial|Biomass,87.325
1134,Rohan,MEUR/GW,2025,Fixed Cost|Heat|Residential and Commercial|Coal,63.0
1135,Rohan,MEUR/GW,2025,Fixed Cost|Heat|Residential and Commercial|Electricity,26.141666666666666
1136,Rohan,MEUR/GW,2025,Fixed Cost|Heat|Residential and Commercial|Gas,6.825
1137,Rohan,MEUR/GW,2025,Fixed Cost|Heat|Residential and Commercial|Geothermal,165.2
1138,Rohan,MEUR/GW,2025,Fixed Cost|Heat|Residential and Commercial|Oil,17.325
1139,Rohan,MEUR/GW,2025,Fixed Cost|Heat|Residential and Commercial|Solar,27.055
1140,Rohan,MEUR/GW,2030,Fixed Cost|Electricity|Battery|Lithium-Ion,0.28
1141,Rohan,MEUR/GW,2030,Fixed Cost|Electricity|Battery|Redox Flow,14.6
1142,Rohan,MEUR/GW,2030,Fixed Cost|Electricity|Biomass|w/ CCS,69.1
1143,Rohan,MEUR/GW,2030,Fixed Cost|Electricity|Biomass|w/o CCS,41.9
1144,Rohan,MEUR/GW,2030,Fixed Cost|Electricity|Coal|Hard coal|w/ CCS,75.17857143
1145,Rohan,MEUR/GW,2030,Fixed Cost|Electricity|Coal|Hard coal|w/o CCS,39.56666666666667
1146,Rohan,MEUR/GW,2030,Fixed Cost|Electricity|Coal|Lignite|w/ CCS,87.5
1147,Rohan,MEUR/GW,2030,Fixed Cost|Electricity|Coal|Lignite|w/o CCS,44.916666666666664
1148,Rohan,MEUR/GW,2030,Fixed Cost|Electricity|Compressed Air,6.89
1149,Rohan,MEUR/GW,2030,Fixed Cost|Electricity|Gas|CCGT|w/ CCS,37.5
1150,Rohan,MEUR/GW,2030,Fixed Cost|Electricity|Geothermal,80.0
1151,Rohan,MEUR/GW,2030,Fixed Cost|Electricity|Hydro|Pumped Storage,22.5
1152,Rohan,MEUR/GW,2030,Fixed Cost|Electricity|Hydro|Reservoir,49.5
1153,Rohan,MEUR/GW,2030,Fixed Cost|Electricity|Hydro|Run of River,76.8
1154,Rohan,MEUR/GW,2030,Fixed Cost|Electricity|Nuclear,115.0
1155,Rohan,MEUR/GW,2030,Fixed Cost|Electricity|Ocean,33.3
1156,Rohan,MEUR/GW,2030,Fixed Cost|Electricity|Oil|w/o CCS,6.51
1157,Rohan,MEUR/GW,2030,Fixed Cost|Electricity|Solar|CSP,178.22
1158,Rohan,MEUR/GW,2030,Fixed Cost|Electricity|Solar|PV|Rooftop|Commercial,6.66
1159,Rohan,MEUR/GW,2030,Fixed Cost|Electricity|Solar|PV|Rooftop|Residential,6.66
1160,Rohan,MEUR/GW,2030,Fixed Cost|Electricity|Solar|PV|Utility,5.66
1161,Rohan,MEUR/GW,2030,Fixed Cost|Electricity|Wind|Offshore,33.666666666666664
1162,Rohan,MEUR/GW,2030,Fixed Cost|Electricity|Wind|Onshore,20.0
1163,Rohan,MEUR/GW,2030,Fixed Cost|Heat|Industrial|Biomass,66.41866666666667
1164,Rohan,MEUR/GW,2030,Fixed Cost|Heat|Industrial|Coal,61.79
1165,Rohan,MEUR/GW,2030,Fixed Cost|Heat|Industrial|Electricity,76.59089285249999
1166,Rohan,MEUR/GW,2030,Fixed Cost|Heat|Industrial|Gas,66.611611764
1167,Rohan,MEUR/GW,2030,Fixed Cost|Heat|Industrial|Geothermal,156.45
1168,Rohan,MEUR/GW,2030,Fixed Cost|Heat|Industrial|Hydrogen,53.94471428000001
1169,Rohan,MEUR/GW,2030,Fixed Cost|Heat|Industrial|Oil,10.5175
1170,Rohan,MEUR/GW,2030,Fixed Cost|Heat|Industrial|Solar,27.055
1171,Rohan,MEUR/GW,2030,Fixed Cost|Heat|Residential and Commercial|Biomass,82.95
1172,Rohan,MEUR/GW,2030,Fixed Cost|Heat|Residential and Commercial|Coal,63.0
1173,Rohan,MEUR/GW,2030,Fixed Cost|Heat|Residential and Commercial|Electricity,23.016666666666666
1174,Rohan,MEUR/GW,2030,Fixed Cost|Heat|Residential and Commercial|Gas,6.825
1175,Rohan,MEUR/GW,2030,Fixed Cost|Heat|Residential and Commercial|Geothermal,156.45
1176,Rohan,MEUR/GW,2030,Fixed Cost|Heat|Residential and Commercial|Oil,17.325
1177,Rohan,MEUR/GW,2030,Fixed Cost|Heat|Residential and Commercial|Solar,27.055
1178,Rohan,MEUR/GW,2035,Fixed Cost|Electricity|Battery|Lithium-Ion,0.28
1179,Rohan,MEUR/GW,2035,Fixed Cost|Electricity|Battery|Redox Flow,10.4
1180,Rohan,MEUR/GW,2035,Fixed Cost|Electricity|Biomass|w/ CCS,66.05
1181,Rohan,MEUR/GW,2035,Fixed Cost|Electricity|Biomass|w/o CCS,39.5
1182,Rohan,MEUR/GW,2035,Fixed Cost|Electricity|Coal|Hard coal|w/ CCS,72.32142857
1183,Rohan,MEUR/GW,2035,Fixed Cost|Electricity|Coal|Hard coal|w/o CCS,38.233333333333334
1184,Rohan,MEUR/GW,2035,Fixed Cost|Electricity|Coal|Lignite|w/ CCS,87.5
1185,Rohan,MEUR/GW,2035,Fixed Cost|Electricity|Coal|Lignite|w/o CCS,43.916666666666664
1186,Rohan,MEUR/GW,2035,Fixed Cost|Electricity|Compressed Air,6.76
1187,Rohan,MEUR/GW,2035,Fixed Cost|Electricity|Gas|CCGT|w/ CCS,37.5
1188,Rohan,MEUR/GW,2035,Fixed Cost|Electricity|Geothermal,80.0
1189,Rohan,MEUR/GW,2035,Fixed Cost|Electricity|Hydro|Pumped Storage,22.5
1190,Rohan,MEUR/GW,2035,Fixed Cost|Electricity|Hydro|Reservoir,49.5
1191,Rohan,MEUR/GW,2035,Fixed Cost|Electricity|Hydro|Run of River,76.8
1192,Rohan,MEUR/GW,2035,Fixed Cost|Electricity|Nuclear,111.5
1193,Rohan,MEUR/GW,2035,Fixed Cost|Electricity|Ocean,30.65
1194,Rohan,MEUR/GW,2035,Fixed Cost|Electricity|Oil|w/o CCS,6.36
1195,Rohan,MEUR/GW,2035,Fixed Cost|Electricity|Solar|CSP,170.582
1196,Rohan,MEUR/GW,2035,Fixed Cost|Electricity|Solar|PV|Rooftop|Commercial,5.88
1197,Rohan,MEUR/GW,2035,Fixed Cost|Electricity|Solar|PV|Rooftop|Residential,5.88
1198,Rohan,MEUR/GW,2035,Fixed Cost|Electricity|Solar|PV|Utility,5.0
1199,Rohan,MEUR/GW,2035,Fixed Cost|Electricity|Wind|Offshore,32.666666666666664
1200,Rohan,MEUR/GW,2035,Fixed Cost|Electricity|Wind|Onshore,19.3
1201,Rohan,MEUR/GW,2035,Fixed Cost|Heat|Industrial|Biomass,65.13533333333332
1202,Rohan,MEUR/GW,2035,Fixed Cost|Heat|Industrial|Coal,61.73666666666667
1203,Rohan,MEUR/GW,2035,Fixed Cost|Heat|Industrial|Electricity,72.0541071475
1204,Rohan,MEUR/GW,2035,Fixed Cost|Heat|Industrial|Gas,61.951120482
1205,Rohan,MEUR/GW,2035,Fixed Cost|Heat|Industrial|Geothermal,148.575
1206,Rohan,MEUR/GW,2035,Fixed Cost|Heat|Industrial|Hydrogen,51.67828572
1207,Rohan,MEUR/GW,2035,Fixed Cost|Heat|Industrial|Oil,10.5175
1208,Rohan,MEUR/GW,2035,Fixed Cost|Heat|Industrial|Solar,27.055
1209,Rohan,MEUR/GW,2035,Fixed Cost|Heat|Residential and Commercial|Biomass,79.1
1210,Rohan,MEUR/GW,2035,Fixed Cost|Heat|Residential and Commercial|Coal,63.0
1211,Rohan,MEUR/GW,2035,Fixed Cost|Heat|Residential and Commercial|Electricity,22.633333333333336
1212,Rohan,MEUR/GW,2035,Fixed Cost|Heat|Residential and Commercial|Gas,6.825
1213,Rohan,MEUR/GW,2035,Fixed Cost|Heat|Residential and Commercial|Geothermal,148.575
1214,Rohan,MEUR/GW,2035,Fixed Cost|Heat|Residential and Commercial|Oil,17.325
1215,Rohan,MEUR/GW,2035,Fixed Cost|Heat|Residential and Commercial|Solar,27.055
1216,Rohan,MEUR/GW,2040,Fixed Cost|Electricity|Battery|Lithium-Ion,0.28
1217,Rohan,MEUR/GW,2040,Fixed Cost|Electricity|Battery|Redox Flow,6.2
1218,Rohan,MEUR/GW,2040,Fixed Cost|Electricity|Biomass|w/ CCS,63.0
1219,Rohan,MEUR/GW,2040,Fixed Cost|Electricity|Biomass|w/o CCS,37.1
1220,Rohan,MEUR/GW,2040,Fixed Cost|Electricity|Coal|Hard coal|w/ CCS,69.46428571
1221,Rohan,MEUR/GW,2040,Fixed Cost|Electricity|Coal|Hard coal|w/o CCS,36.9
1222,Rohan,MEUR/GW,2040,Fixed Cost|Electricity|Coal|Lignite|w/ CCS,87.5
1223,Rohan,MEUR/GW,2040,Fixed Cost|Electricity|Coal|Lignite|w/o CCS,42.916666666666664
1224,Rohan,MEUR/GW,2040,Fixed Cost|Electricity|Compressed Air,6.63
1225,Rohan,MEUR/GW,2040,Fixed Cost|Electricity|Gas|CCGT|w/ CCS,37.5
1226,Rohan,MEUR/GW,2040,Fixed Cost|Electricity|Geothermal,80.0
1227,Rohan,MEUR/GW,2040,Fixed Cost|Electricity|Hydro|Pumped Storage,22.5
1228,Rohan,MEUR/GW,2040,Fixed Cost|Electricity|Hydro|Reservoir,49.5
1229,Rohan,MEUR/GW,2040,Fixed Cost|Electricity|Hydro|Run of River,76.8
1230,Rohan,MEUR/GW,2040,Fixed Cost|Electricity|Nuclear,108.0
1231,Rohan,MEUR/GW,2040,Fixed Cost|Electricity|Ocean,28.0
1232,Rohan,MEUR/GW,2040,Fixed Cost|Electricity|Oil|w/o CCS,6.21
1233,Rohan,MEUR/GW,2040,Fixed Cost|Electricity|Solar|CSP,162.944
1234,Rohan,MEUR/GW,2040,Fixed Cost|Electricity|Solar|PV|Rooftop|Commercial,5.26
1235,Rohan,MEUR/GW,2040,Fixed Cost|Electricity|Solar|PV|Rooftop|Residential,5.26
1236,Rohan,MEUR/GW,2040,Fixed Cost|Electricity|Solar|PV|Utility,4.47
1237,Rohan,MEUR/GW,2040,Fixed Cost|Electricity|Wind|Offshore,31.666666666666668
1238,Rohan,MEUR/GW,2040,Fixed Cost|Electricity|Wind|Onshore,18.8
1239,Rohan,MEUR/GW,2040,Fixed Cost|Heat|Industrial|Biomass,63.852
1240,Rohan,MEUR/GW,2040,Fixed Cost|Heat|Industrial|Coal,61.68333333333334
1241,Rohan,MEUR/GW,2040,Fixed Cost|Heat|Industrial|Electricity,67.51732144
1242,Rohan,MEUR/GW,2040,Fixed Cost|Heat|Industrial|Gas,57.28882716
1243,Rohan,MEUR/GW,2040,Fixed Cost|Heat|Industrial|Geothermal,140.7
1244,Rohan,MEUR/GW,2040,Fixed Cost|Heat|Industrial|Hydrogen,49.41185714
1245,Rohan,MEUR/GW,2040,Fixed Cost|Heat|Industrial|Oil,10.5175
1246,Rohan,MEUR/GW,2040,Fixed Cost|Heat|Industrial|Solar,27.055
1247,Rohan,MEUR/GW,2040,Fixed Cost|Heat|Residential and Commercial|Biomass,75.25
1248,Rohan,MEUR/GW,2040,Fixed Cost|Heat|Residential and Commercial|Coal,63.0
1249,Rohan,MEUR/GW,2040,Fixed Cost|Heat|Residential and Commercial|Electricity,22.25
1250,Rohan,MEUR/GW,2040,Fixed Cost|Heat|Residential and Commercial|Gas,6.825
1251,Rohan,MEUR/GW,2040,Fixed Cost|Heat|Residential and Commercial|Geothermal,140.7
1252,Rohan,MEUR/GW,2040,Fixed Cost|Heat|Residential and Commercial|Oil,17.325
1253,Rohan,MEUR/GW,2040,Fixed Cost|Heat|Residential and Commercial|Solar,27.055
1254,Rohan,MEUR/GW,2045,Fixed Cost|Electricity|Battery|Lithium-Ion,0.28
1255,Rohan,MEUR/GW,2045,Fixed Cost|Electricity|Battery|Redox Flow,6.2
1256,Rohan,MEUR/GW,2045,Fixed Cost|Electricity|Biomass|w/ CCS,62.2
1257,Rohan,MEUR/GW,2045,Fixed Cost|Electricity|Biomass|w/o CCS,35.0
1258,Rohan,MEUR/GW,2045,Fixed Cost|Electricity|Coal|Hard coal|w/ CCS,66.60714286
1259,Rohan,MEUR/GW,2045,Fixed Cost|Electricity|Coal|Hard coal|w/o CCS,36.56666666666667
1260,Rohan,MEUR/GW,2045,Fixed Cost|Electricity|Coal|Lignite|w/ CCS,87.5
1261,Rohan,MEUR/GW,2045,Fixed Cost|Electricity|Coal|Lignite|w/o CCS,42.916666666666664
1262,Rohan,MEUR/GW,2045,Fixed Cost|Electricity|Compressed Air,6.24
1263,Rohan,MEUR/GW,2045,Fixed Cost|Electricity|Gas|CCGT|w/ CCS,37.5
1264,Rohan,MEUR/GW,2045,Fixed Cost|Electricity|Geothermal,80.0
1265,Rohan,MEUR/GW,2045,Fixed Cost|Electricity|Hydro|Pumped Storage,22.5
1266,Rohan,MEUR/GW,2045,Fixed Cost|Electricity|Hydro|Reservoir,49.5
1267,Rohan,MEUR/GW,2045,Fixed Cost|Electricity|Hydro|Run of River,76.8
1268,Rohan,MEUR/GW,2045,Fixed Cost|Electricity|Nuclear,106.5
1269,Rohan,MEUR/GW,2045,Fixed Cost|Electricity|Ocean,25.75
1270,Rohan,MEUR/GW,2045,Fixed Cost|Electricity|Oil|w/o CCS,6.06
1271,Rohan,MEUR/GW,2045,Fixed Cost|Electricity|Solar|CSP,156.579
1272,Rohan,MEUR/GW,2045,Fixed Cost|Electricity|Solar|PV|Rooftop|Commercial,4.75
1273,Rohan,MEUR/GW,2045,Fixed Cost|Electricity|Solar|PV|Rooftop|Residential,4.75
1274,Rohan,MEUR/GW,2045,Fixed Cost|Electricity|Solar|PV|Utility,4.04
1275,Rohan,MEUR/GW,2045,Fixed Cost|Electricity|Wind|Offshore,31.333333333333332
1276,Rohan,MEUR/GW,2045,Fixed Cost|Electricity|Wind|Onshore,18.3
1277,Rohan,MEUR/GW,2045,Fixed Cost|Heat|Industrial|Biomass,62.685333333333325
1278,Rohan,MEUR/GW,2045,Fixed Cost|Heat|Industrial|Coal,61.63
1279,Rohan,MEUR/GW,2045,Fixed Cost|Heat|Industrial|Electricity,62.9805357075
1280,Rohan,MEUR/GW,2045,Fixed Cost|Heat|Industrial|Gas,52.62459493600001
1281,Rohan,MEUR/GW,2045,Fixed Cost|Heat|Industrial|Geothermal,133.525
1282,Rohan,MEUR/GW,2045,Fixed Cost|Heat|Industrial|Hydrogen,47.42542858
1283,Rohan,MEUR/GW,2045,Fixed Cost|Heat|Industrial|Oil,10.5175
1284,Rohan,MEUR/GW,2045,Fixed Cost|Heat|Industrial|Solar,27.055
1285,Rohan,MEUR/GW,2045,Fixed Cost|Heat|Residential and Commercial|Biomass,71.75
1286,Rohan,MEUR/GW,2045,Fixed Cost|Heat|Residential and Commercial|Coal,63.0
1287,Rohan,MEUR/GW,2045,Fixed Cost|Heat|Residential and Commercial|Electricity,21.866666666666664
1288,Rohan,MEUR/GW,2045,Fixed Cost|Heat|Residential and Commercial|Gas,6.825
1289,Rohan,MEUR/GW,2045,Fixed Cost|Heat|Residential and Commercial|Geothermal,133.525
1290,Rohan,MEUR/GW,2045,Fixed Cost|Heat|Residential and Commercial|Oil,17.325
1291,Rohan,MEUR/GW,2045,Fixed Cost|Heat|Residential and Commercial|Solar,27.055
1292,Rohan,MEUR/GW,2050,Fixed Cost|Electricity|Battery|Lithium-Ion,0.28
1293,Rohan,MEUR/GW,2050,Fixed Cost|Electricity|Battery|Redox Flow,6.2
1294,Rohan,MEUR/GW,2050,Fixed Cost|Electricity|Biomass|w/ CCS,61.4
1295,Rohan,MEUR/GW,2050,Fixed Cost|Electricity|Biomass|w/o CCS,32.9
1296,Rohan,MEUR/GW,2050,Fixed Cost|Electricity|Coal|Hard coal|w/ CCS,63.75
1297,Rohan,MEUR/GW,2050,Fixed Cost|Electricity|Coal|Hard coal|w/o CCS,36.233333333333334
1298,Rohan,MEUR/GW,2050,Fixed Cost|Electricity|Coal|Lignite|w/ CCS,87.5
1299,Rohan,MEUR/GW,2050,Fixed Cost|Electricity|Coal|Lignite|w/o CCS,42.916666666666664
1300,Rohan,MEUR/GW,2050,Fixed Cost|Electricity|Compressed Air,5.85
1301,Rohan,MEUR/GW,2050,Fixed Cost|Electricity|Gas|CCGT|w/ CCS,37.5
1302,Rohan,MEUR/GW,2050,Fixed Cost|Electricity|Geothermal,80.0
1303,Rohan,MEUR/GW,2050,Fixed Cost|Electricity|Hydro|Pumped Storage,22.5
1304,Rohan,MEUR/GW,2050,Fixed Cost|Electricity|Hydro|Reservoir,49.5
1305,Rohan,MEUR/GW,2050,Fixed Cost|Electricity|Hydro|Run of River,76.8
1306,Rohan,MEUR/GW,2050,Fixed Cost|Electricity|Nuclear,105.0
1307,Rohan,MEUR/GW,2050,Fixed Cost|Electricity|Ocean,23.5
1308,Rohan,MEUR/GW,2050,Fixed Cost|Electricity|Oil|w/o CCS,5.91
1309,Rohan,MEUR/GW,2050,Fixed Cost|Electricity|Solar|CSP,152.76
1310,Rohan,MEUR/GW,2050,Fixed Cost|Electricity|Solar|PV|Rooftop|Commercial,4.36
1311,Rohan,MEUR/GW,2050,Fixed Cost|Electricity|Solar|PV|Rooftop|Residential,4.36
1312,Rohan,MEUR/GW,2050,Fixed Cost|Electricity|Solar|PV|Utility,3.7000000000000006
1313,Rohan,MEUR/GW,2050,Fixed Cost|Electricity|Wind|Offshore,31.0
1314,Rohan,MEUR/GW,2050,Fixed Cost|Electricity|Wind|Onshore,18.0
1315,Rohan,MEUR/GW,2050,Fixed Cost|Heat|Industrial|Biomass,61.51866666666666
1316,Rohan,MEUR/GW,2050,Fixed Cost|Heat|Industrial|Coal,61.57666666666666
1317,Rohan,MEUR/GW,2050,Fixed Cost|Heat|Industrial|Electricity,58.44375
1318,Rohan,MEUR/GW,2050,Fixed Cost|Heat|Industrial|Gas,47.958272728
1319,Rohan,MEUR/GW,2050,Fixed Cost|Heat|Industrial|Geothermal,126.35
1320,Rohan,MEUR/GW,2050,Fixed Cost|Heat|Industrial|Hydrogen,45.439
1321,Rohan,MEUR/GW,2050,Fixed Cost|Heat|Industrial|Oil,10.5175
1322,Rohan,MEUR/GW,2050,Fixed Cost|Heat|Industrial|Solar,27.055
1323,Rohan,MEUR/GW,2050,Fixed Cost|Heat|Residential and Commercial|Biomass,68.25
1324,Rohan,MEUR/GW,2050,Fixed Cost|Heat|Residential and Commercial|Coal,63.0
1325,Rohan,MEUR/GW,2050,Fixed Cost|Heat|Residential and Commercial|Electricity,21.483333333333334
1326,Rohan,MEUR/GW,2050,Fixed Cost|Heat|Residential and Commercial|Gas,6.825
1327,Rohan,MEUR/GW,2050,Fixed Cost|Heat|Residential and Commercial|Geothermal,126.35
1328,Rohan,MEUR/GW,2050,Fixed Cost|Heat|Residential and Commercial|Oil,17.325
1329,Rohan,MEUR/GW,2050,Fixed Cost|Heat|Residential and Commercial|Solar,27.055
